Position,GP,MP,FGM,FGA,FG%,3PM,3PA,3P%,FTM,FTA,FT%,ORB,DRB,TRB,AST,STL,BLK,TOV,PF,PTS,GmSc,+/-,Classification
Point-Forward,42,34:49,9.6,19.6,0.492,2.1,6,0.343,3.8,5.5,0.694,1,6.6,7.6,10.8,1.4,0.5,3.8,1.7,25.1,22.1,8.3,Selected
Point-Forward,42,30:37,11,19.9,0.554,1.6,5.1,0.322,6.2,10.3,0.606,2.3,10.6,12.9,5.6,1.1,1,3.6,3.1,30,24.5,10.3,Selected
Forward,37,34:41,9.2,18.3,0.503,1.1,3.5,0.3,7.2,8.3,0.866,2.2,7,9.2,3.2,1.5,2.5,2.4,2.5,26.6,22.9,5.1,Selected
Center,31,31:03,7.7,16.3,0.472,1.2,3.8,0.322,6.8,8.1,0.837,2.5,9.8,12.3,3.3,0.8,1.4,3,3.5,23.4,18.9,4.3,Selected
Guard,42,37:07,10.6,24,0.441,4.8,13.2,0.36,10.7,12.5,0.859,1.1,5.1,6.2,7.4,1.6,0.9,4.6,3.2,36.6,27.2,4.6,Selected
Point-Forward,33,35:12,8.8,19.4,0.454,2.2,5.9,0.367,3.7,4.5,0.812,1.2,6.5,7.7,3.5,1,1,2.5,2.8,23.5,16.3,6.7,Selected
Forward,34,32:12,9.6,20.6,0.466,1.9,5.4,0.355,6.1,6.8,0.888,1.1,6.3,7.4,5,2,0.6,3.2,2,27.1,20.8,8.2,Selected
Guard,38,31:40,7.3,16.6,0.443,3.4,8.7,0.39,3.6,4.2,0.862,0.8,3.2,4,5,0.9,0.6,2.2,1.5,21.7,16.4,5.4,Selected
Point-Forward,39,32:51,9.5,20.3,0.466,3,9.1,0.327,7.2,9.3,0.777,1.5,8.3,9.8,9,1,0.2,4.3,2.4,29.1,23.5,5.8,Selected
Guard,40,35:05,9.3,20.8,0.447,3.5,9.3,0.373,7,8.4,0.839,0.6,4,4.6,8.6,1.2,0.1,4.8,1.6,29.2,21.3,-4.9,Selected
Guard,44,35:59,9.3,18.2,0.51,2,5.3,0.368,6.5,7.1,0.917,0.5,3.5,4,6.4,0.8,0.2,3.9,3.1,27.1,19.6,2.1,Selected
Center,47,34:28,6.1,10.4,0.589,0,0.2,0.091,3.6,5.3,0.692,2.5,7.9,10.4,4.7,1.2,1.1,2.8,2.5,16,16.1,4,Selected
Guard,48,31:35,6,12.5,0.478,1.6,4.4,0.357,3.6,4,0.895,0.3,4.7,5,6.5,1.6,0.1,2.1,2.3,17.1,15.4,4.8,Selected
Forward,43,34:27,8.6,18.2,0.471,2.5,6.2,0.404,5.4,6.3,0.856,0.9,5.4,6.3,4.3,0.9,0.8,3,2.9,25,17.8,-2,Selected
Guard,46,37:04,9,19.8,0.456,3.8,9.9,0.385,7.1,8,0.886,0.5,3.9,4.4,7.8,1,0.3,2.9,1.7,29,22.9,1.2,Selected
Guard,46,34:20,9.2,20,0.462,2.4,6.6,0.368,4.1,4.8,0.864,0.7,3.5,4.2,4.2,1.2,0.2,2.5,2.4,25,16.9,4.1,Selected
Center,47,31:57,7.6,15,0.507,1.3,3.9,0.324,3.3,4.1,0.8,2.5,7.7,10.2,6.5,1,0.6,2.9,3.1,19.8,17.9,4.2,Selected
Forward,41,34:48,5.9,13.3,0.441,0.6,2.6,0.245,7.9,9.5,0.835,1.9,5,6.9,6.4,1.8,0.6,2.3,1.4,20.2,19.3,5.7,Selected
Point-Forward,46,36:00,6.6,11.4,0.58,0,0.1,0.4,3,5,0.607,1.9,5.8,7.7,8.4,2.2,0.6,3.5,3.3,16.3,17,2.8,Selected
Center,45,34:19,6,8.7,0.686,0,0,,3.7,6.1,0.611,3.7,10.9,14.6,1.6,0.7,2,2,3.1,15.7,16.9,7.4,Selected
Forward,45,34:25,7.2,13.5,0.535,0.2,1,0.239,3.4,4.6,0.726,3.4,9.4,12.8,4.6,0.8,0.6,2.7,3.4,18,16.4,4.2,Selected
Guard,36,36:55,5.9,14.4,0.41,2.9,8.4,0.344,5.1,5.9,0.859,0.5,4.1,4.6,7.4,1.2,0.4,2.8,3.2,19.8,15.9,3.5,Selected
Forward,42,33:56,7.9,18.2,0.435,2.4,6.6,0.366,3.3,3.9,0.841,1,5.9,6.9,2.9,1.4,0.8,2.1,2,21.5,15.2,8,Selected
Forward,40,28:47,7.4,14.6,0.503,2.3,5.3,0.432,3.2,3.5,0.9,0.8,5,5.8,3.9,1,0.2,2,2.2,20.2,15.8,9.1,Selected
Guard,40,35:50,10.1,22.1,0.455,1,4.2,0.235,5.2,6.6,0.787,1.7,6.4,8.1,7.4,1.6,0.4,4.5,3.6,26.3,18.5,2.6,Selected
Forward,39,34:48,8.6,19.2,0.448,2.2,6.7,0.333,3.5,4.9,0.721,1.2,4,5.2,3.7,0.7,0.9,2.5,2.4,22.9,14.9,-2.2,Not selected
Guard,46,26:02,4.6,11.6,0.395,2.2,6.8,0.326,2,2.4,0.838,0.2,2.8,3,1,1.1,0.3,0.9,1.6,13.4,8.4,-2.2,Not selected
Center,38,20:59,3.2,4.9,0.659,0,0,,1.4,2.1,0.679,2.3,7.3,9.6,2,0.4,1,1.3,2,7.9,9.7,-2.6,Not selected
Center,46,27:14,4.4,6.9,0.642,0,0.1,0,2.5,4,0.639,3.1,6.6,9.7,1.2,0.7,1.5,1.2,2.5,11.4,12.3,0.5,Not selected
Forward,37,24:59,4.8,11.1,0.43,1.6,4.7,0.337,1.8,2.4,0.744,0.8,3.2,4,1.1,0.3,0.4,1.5,1.8,12.9,7.4,3.2,Not selected
Forward,45,31:38,5.1,11.2,0.458,2.4,6,0.399,1,1.4,0.734,0.9,3.2,4.1,2.1,0.7,0.3,1.5,2.4,13.7,9.2,1.2,Not selected
Guard,43,24:09,4.2,8.6,0.486,0.5,1.4,0.355,1.2,1.6,0.779,1.2,4.5,5.7,3.9,1.6,0.3,2.1,2.2,10.1,9.4,-3.7,Not selected
Guard,46,31:09,7,16.7,0.421,1.9,6.3,0.304,5.4,7,0.775,0.4,2.9,3.3,6.5,0.7,0.3,2.8,2.9,21.4,14.5,0.4,Not selected
Guard,45,23:46,3.4,7.4,0.464,1,2.6,0.383,2.1,2.5,0.823,0.5,2.5,3,3.3,0.6,0.8,1.2,2.1,9.9,8.4,0.8,Not selected
Guard,50,34:26,8.7,19.8,0.44,3.1,8.1,0.38,4.7,5.6,0.83,0.7,4.2,4.9,4,1.4,0.5,3.2,2.2,25.1,16.5,-1.5,Not selected
Guard,45,25:05,3.2,7.4,0.425,1.9,5.1,0.378,0.6,0.8,0.703,0.7,2.8,3.5,1.3,1.3,0.5,0.9,2.2,8.8,6.9,5,Not selected
Center,45,25:42,6.3,10.7,0.588,0.6,1.5,0.394,1.8,2.5,0.732,2.8,7.4,10.2,2,0.4,1,1.9,2.7,14.9,13.4,-0.1,Not selected
Guard,40,26:49,4,9,0.442,0.9,2.4,0.383,3.2,3.8,0.867,0.5,2.1,2.6,5.9,0.8,0.4,2.2,2,12.2,10.3,-2.5,Not selected
Forward,18,21:06,1.4,4.8,0.291,0.5,2,0.25,1.1,1.6,0.655,1.3,3.5,4.8,1.2,1,0.4,0.9,1.5,4.3,3.9,-1.9,Not selected
Center,47,28:03,6.4,13.4,0.479,2.6,6.5,0.405,2.2,2.9,0.745,1,3.7,4.7,1.4,0.7,1.6,1.7,4.1,17.7,11.7,-1.5,Not selected
Guard,37,31:31,4.1,11,0.369,2.2,6.5,0.344,1.7,2.1,0.831,0.8,2.8,3.6,4.8,1.5,0.5,1.4,2.5,12.1,10.1,3.4,Not selected
Guard,36,28:20,3.1,7.2,0.423,1.5,4.3,0.351,0.7,1.1,0.632,1.3,4.7,6,4,1.3,0.6,1.3,3.2,8.3,8.5,5,Not selected
Center,37,26:12,6.1,12,0.507,1,2.7,0.374,1.8,2.5,0.739,2.1,6.1,8.2,1.3,0.6,0.8,1.8,2.7,15,11.2,1.2,Not selected
Forward,47,32:19,7,15.7,0.449,1.1,4.1,0.273,3.8,5.3,0.705,2.3,7.1,9.4,3.3,0.8,0.3,3,2.8,19,13,-4,Not selected
Center,46,28:43,7.8,13.8,0.568,0,0.3,0,3.6,5.8,0.63,2.8,4.4,7.2,1.8,0.7,1.1,1.9,2.3,19.3,15.1,4.2,Not selected
Forward,46,30:19,5.1,12,0.424,2.2,6.4,0.344,2.7,3.2,0.826,1.2,5.2,6.4,1.5,0.8,0.5,1.7,2,15,10.6,-1.7,Not selected
Forward,47,35:01,2.7,6,0.443,1.4,4,0.364,0.7,0.9,0.833,1.6,5.6,7.2,1.7,1.2,0.4,1.1,3.4,7.5,7.3,2.4,Not selected
Guard,40,32:06,4.6,11.4,0.406,1.2,3.4,0.336,2.4,3,0.81,0.8,3.9,4.7,8.8,1.4,0.2,2.6,2.4,12.8,12.3,2.5,Not selected
Forward,47,34:59,5.1,11.4,0.449,1.3,3.7,0.345,3.4,4.2,0.794,0.9,3.9,4.8,2,0.6,0.1,1.3,1.1,14.9,10.9,-1.2,Not selected
Guard,38,31:31,5.5,12.6,0.436,1.6,4.8,0.333,2.4,2.9,0.818,0.8,2.5,3.3,3.4,1,0.6,2.1,2.7,15,10,2,Not selected
Forward,49,23:09,3.8,8.8,0.431,1.1,3.2,0.333,0.7,1.1,0.6,1.4,3.2,4.6,1.7,1.1,0.3,1.4,1.9,9.3,6.9,-1.7,Not selected
Forward,21,26:43,5.3,13.6,0.388,1.3,3.9,0.341,2.3,3.4,0.676,0.9,2.9,3.8,3.2,0.7,0.1,2.5,1.8,14.2,7.6,-4.2,Not selected
Forward,38,33:39,7.3,14.8,0.495,2.1,5.4,0.39,3.4,4.5,0.749,1.1,5.5,6.6,2.4,1.2,0.3,2.3,2.9,20.1,14.1,3.2,Not selected
Guard,43,27:59,4.8,10.7,0.454,3.1,6.7,0.465,2.8,3.2,0.89,0.2,2.6,2.8,1.9,0.3,0.2,1.2,1.5,15.6,10.8,-0.5,Not selected
Center,45,26:22,3.7,8.9,0.416,1.4,4.7,0.297,1.4,1.6,0.859,0.6,4,4.6,1.6,0.7,2.5,0.9,2.2,10.1,8.8,8.4,Not selected
Forward,47,29:54,3.7,8.4,0.445,2.1,5.2,0.408,1.1,1.4,0.773,0.4,3.7,4.1,5,0.9,0.1,1.9,2.1,10.7,9.3,5,Not selected
Forward,46,29:15,4.5,10.3,0.437,2.3,6.5,0.348,1.5,1.9,0.795,0.7,5.2,5.9,1.2,1.6,0.9,1.5,3.1,12.8,9.6,-0.3,Not selected
Guard,23,29:58,5.1,13.6,0.378,3.2,9.1,0.348,2.5,3.4,0.722,0.3,1.9,2.2,1.4,0.5,0.3,1.2,2,15.9,8.6,0,Not selected
Guard,34,30:18,6.1,13.9,0.444,1.4,4.1,0.341,3.3,3.6,0.911,0.7,3.7,4.4,7.4,0.8,0.2,2.5,1.8,17,14.1,3.2,Not selected
Forward,42,31:41,5,12.1,0.418,1.1,3.8,0.286,2.1,3.1,0.664,1.7,5.5,7.2,2.9,0.7,0.5,1.6,2,13.3,9.9,-2.9,Not selected
Point-Forward,30,32:26,6.7,13,0.517,1.5,4,0.372,2,2.3,0.87,0.9,5.3,6.2,4,0.7,0.4,1.8,1.9,17,13.9,5.8,Not selected
Forward,9,25:05,3.9,9.3,0.417,1.8,4.4,0.4,1.7,2.2,0.75,0.9,2.6,3.5,1.6,1,0.3,0.8,2.2,11.2,8.1,0.8,Not selected
Center,39,32:48,6.3,9.9,0.629,0,0,,1.4,2.7,0.529,4.3,9.5,13.8,1.2,0.8,1.8,1.6,2.6,13.9,15.2,1.5,Not selected
Center,29,24:19,4.5,7.2,0.622,0,0.1,0.25,0.9,1.6,0.587,3.2,6.7,9.9,1.9,0.6,1.1,1.2,2.3,9.9,11.3,1.3,Not selected
Guard,47,33:59,7.4,17.5,0.423,3.7,9.9,0.371,1.9,2.2,0.829,0.9,4.1,5,3.2,0.8,0.3,2.6,2.6,20.3,12.5,-2.2,Not selected
Guard,44,29:59,6.4,15.2,0.419,1.9,5.3,0.366,5,5.8,0.87,0.4,2.6,3,6,0.6,0.2,3,1.4,19.7,13.8,3.2,Not selected
Guard,46,33:15,7,15.4,0.453,3.2,7.5,0.422,4.1,4.5,0.909,0.6,3.5,4.1,2,0.6,0.1,2.7,1.8,21.2,13.2,7,Not selected
Forward,22,30:15,7.7,14.1,0.547,1.3,3.8,0.349,2.3,2.9,0.81,2.4,7.4,9.8,1.2,0.7,1.9,1.8,3.8,19.1,15.6,-5.3,Not selected
Forward,41,30:33,5.8,13.3,0.439,3.1,7.4,0.414,4.3,4.7,0.907,0.7,5,5.7,2.4,0.7,0.1,1.4,1.2,19,14.4,3.1,Not selected
Forward,48,34:27,7.6,15.8,0.48,1.8,5,0.358,2.5,3.1,0.797,0.7,6,6.7,2.9,0.8,0.6,1.6,2.3,19.4,14.2,3,Not selected
Guard,40,32:12,4,9.7,0.416,1.3,4.2,0.311,1.3,1.6,0.828,0.5,2.3,2.8,2.2,1.4,0.3,1,2.3,10.7,7.7,3.2,Not selected
Center,38,28:55,4.3,9.6,0.446,1.4,4.2,0.335,2.1,2.9,0.743,1.2,4.8,6,1.2,0.7,1.9,1.2,2.6,12.1,9.7,0.9,Not selected
Guard,39,26:18,5.6,11.7,0.482,1.3,3.6,0.353,2.9,3.5,0.844,0.7,3.8,4.5,5.2,0.9,0.5,2.2,2.2,15.5,12.8,8.6,Not selected
Center,37,31:36,7.4,16.6,0.442,1.7,4.8,0.356,2.2,2.8,0.814,2.7,8.3,11,3.5,0.9,0.8,1.4,2.3,18.6,15.8,0.2,Not selected
Guard,30,32:21,8.4,19.5,0.433,3.7,9.7,0.381,3.5,4.5,0.776,0.4,3.3,3.7,6.3,0.9,0.3,3.1,2.1,24,16.1,-6.2,Not selected
Forward,32,24:55,4.1,8.8,0.468,1,2.3,0.413,2.7,3,0.885,2,3.8,5.8,1.4,0.9,0.7,1.3,2.8,11.9,9.7,6.4,Not selected
Center,35,27:49,2.8,6.6,0.424,1.4,3.5,0.403,0.7,1,0.722,0.8,5.6,6.4,3.5,0.8,0.9,1.2,2.9,7.8,7.9,6.9,Not selected
Forward,41,31:07,5.8,12.9,0.45,2.5,6.6,0.375,3.3,3.9,0.843,0.8,9,9.8,2.8,0.6,0.3,2.6,1.6,17.4,13.3,-6.3,Not selected
Center,43,26:45,4.5,7.5,0.599,0,0,0,1.9,3.3,0.579,3.4,6,9.4,2.6,0.7,1.1,1.4,1.8,10.9,12.2,3,Not selected
Guard,1,20:57,2,8,0.25,1,7,0.143,4,4,1,0,2,2,4,0,0,2,0,9,5.6,-3,Not selected
Guard,40,31:58,6.5,15,0.435,1.6,5,0.322,3,3.3,0.916,0.8,3.2,4,4.6,1.4,0.3,2.1,1.7,17.6,13.1,5,Not selected
Forward,36,30:20,5.9,14.9,0.397,2.2,6.4,0.341,2.8,3.7,0.739,1.7,7.2,8.9,1.4,0.6,2,1.7,3.1,16.8,11.7,4.2,Not selected
Center,45,33:39,7.1,13.5,0.522,0,0.5,0.048,3,5.1,0.589,4.5,11.1,15.6,2.8,2.1,1.8,3.6,3.7,17.2,16.3,-2.6,Not selected
Guard,29,31:12,7,14.9,0.473,0.9,3.2,0.283,4.3,6.2,0.685,0.8,3.5,4.3,7.1,1.6,0.5,3.3,3,19.2,14.8,-2.6,Not selected
Guard,44,35:39,8.6,18.9,0.455,2.6,6.9,0.382,1.8,2.3,0.765,0.7,3.3,4,3.8,0.8,0.7,1.8,2.5,21.6,14.3,0,Not selected
Forward,47,34:23,8.5,15.9,0.535,0.2,0.6,0.276,5.8,6.9,0.845,0.7,5.1,5.8,5.2,1,0.3,2.5,2.8,23,18,-2.4,Not selected
Guard,28,27:17,4.3,11.4,0.377,1.6,4.7,0.333,2.4,3.1,0.782,0.6,2.4,3,4.1,0.7,0.1,1.9,2.2,12.6,8,1.1,Not selected
Guard,39,35:30,7.9,17.7,0.445,2.1,5.9,0.357,2.2,3,0.724,1.3,3.5,4.8,6.4,1.7,0.8,2.9,2.1,20,15.4,-2,Not selected
Guard,39,35:29,9.8,21.6,0.453,2.5,7.8,0.318,6.5,7.7,0.846,1,3.4,4.4,6.3,1,0.3,3.3,2.3,28.6,20.1,-6.2,Not selected
Point-Forward,18,28:27,4.9,13.9,0.352,1.5,6.2,0.243,4.2,5.4,0.776,0.9,3.7,4.6,3.3,0.4,0.4,2.2,1.5,15.5,9.2,-1.4,Not selected
Center,44,31:07,5.1,11.4,0.451,1.4,4.3,0.321,0.9,1.2,0.722,1.6,5.1,6.7,4,1,0.9,1.1,2.2,12.5,11.5,3,Not selected
Point-Forward,35,29:17,3,7.7,0.384,0.8,3.1,0.266,1.6,2.1,0.77,0.5,5.8,6.3,5.9,1.5,0.8,2.2,2.6,8.4,8.9,-5.6,Not selected
Center,43,33:09,7.4,14.6,0.51,1.2,2.8,0.429,3,3.6,0.845,2,5.5,7.5,2.3,0.6,1.7,1.4,2.5,19.1,15.8,-2.6,Not selected
Guard,18,33:11,9.7,21.2,0.459,2.7,7.1,0.375,4.7,5.1,0.924,1.1,4.1,5.2,6.6,1.4,0.5,2.3,2.6,26.8,20.8,-1.2,Not selected
Center,30,33:28,9.2,18.1,0.511,3.4,8.2,0.412,5,6.2,0.812,2.7,8,10.7,4.2,0.9,1.2,3.2,3.4,26.9,21.9,-0.4,Not selected
Guard,4,28:01,6.8,16.5,0.409,2.2,9.2,0.243,4.5,4.5,1,1,4,5,6.5,1.2,0.5,3.8,2.5,20.2,14.7,-7.5,Not selected
Point-Forward,34,34:39,10,19.3,0.518,2,5.6,0.356,5.3,7.8,0.682,0.9,7.4,8.3,7.1,1.3,0.7,3.4,1.6,27.3,22.4,2.8,Selected
Point-Forward,43,33:04,9.8,16.9,0.578,0.4,2.3,0.182,6.5,9.2,0.704,2.3,10.2,12.5,5.9,1.3,1.4,4,3.3,26.5,23.3,8.9,Selected
Guard,44,37:20,10.5,23.9,0.44,5,13.2,0.374,10.3,11.9,0.864,1,5.6,6.6,8.2,2.1,0.7,5.6,3.5,36.3,26.9,2.5,Selected
Forward,47,35:29,9.7,19,0.511,2,5.1,0.385,6.6,7.3,0.904,0.5,6.9,7.4,6,0.8,1.1,3.3,1.9,28,22.4,8.7,Selected
Guard,36,34:18,9.7,19.9,0.488,5.2,11.7,0.448,4.6,4.9,0.927,0.8,4.4,5.2,5.6,1.2,0.4,2.9,2.6,29.2,22.4,10.8,Selected
Guard,42,32:27,8.9,17.8,0.501,2.6,6.3,0.413,3,3.5,0.846,1.1,3.6,4.7,6.9,1.7,0.5,2.7,2.2,23.5,19.5,7.1,Selected
Center,46,33:27,9.1,18.5,0.491,1.2,3.9,0.309,7.9,9.8,0.801,2.4,10.9,13.3,3.5,0.6,2,3.5,3.3,27.2,21.7,5.9,Selected
Forward,36,34:57,9.6,19.1,0.504,1.8,4.8,0.368,6.6,7.7,0.853,1.4,6.5,7.9,3.1,1.9,0.5,2,1.5,27.6,22.4,5.2,Selected
Forward,46,35:53,9,20.4,0.444,3.4,8.8,0.389,5.5,6.5,0.841,1.5,6.4,7.9,4,2.3,0.5,2.6,2.8,27,20.7,7.7,Selected
Guard,50,34:11,8.5,19.7,0.432,3.1,8.8,0.355,4.2,5.1,0.817,0.5,3.7,4.2,5.6,1.2,0.5,2.5,1.6,24.4,17.4,0.3,Selected
Guard,51,37:02,9.2,19.5,0.468,2.6,7.3,0.354,3.8,4.8,0.794,1.1,3.9,5,5.1,1.4,0.8,2.7,2.9,24.7,17.9,-1.5,Selected
Point-Forward,47,36:22,8.9,18.6,0.48,2.4,6.7,0.364,6,7.9,0.76,1.3,6.8,8.1,5.3,0.8,0.4,3.8,2.8,26.3,18.9,-0.9,Selected
Forward,41,37:03,10.5,20.6,0.508,1,3,0.325,7.4,9.1,0.812,3.4,9.9,13.3,4.4,1.7,2.6,2,2.6,29.3,27.3,3.3,Selected
Guard,51,29:33,7.6,17.3,0.44,2.7,7.2,0.376,1.6,2,0.81,0.5,3.2,3.7,6.4,1.2,0.3,2.8,1.7,19.5,14,0.5,Selected
Point-Forward,50,33:25,6.7,11.8,0.569,0,0,0,3.2,5.5,0.582,2.2,7.3,9.5,8.2,1.3,0.8,3.4,2.5,16.7,17,2.2,Selected
Guard,51,35:18,8.7,19.3,0.45,2.8,7.6,0.372,6.2,6.8,0.908,0.8,3.8,4.6,6.3,1.1,0.5,2.8,1.8,26.4,20.1,5,Selected
Forward,47,31:08,6.1,14.1,0.435,2.4,6.3,0.376,2.7,3.2,0.846,0.4,5.3,5.7,4.2,1.1,0.1,2.2,2.4,17.3,12.5,7.6,Selected
Guard,41,34:19,4.7,11.4,0.41,2.2,6.7,0.322,2.7,3.1,0.845,0.6,3.9,4.5,9.4,1.4,0.5,2.8,2.5,14.2,14,8.7,Selected
Center,51,33:04,8.2,16.4,0.498,1.7,4.6,0.376,4.5,5.3,0.849,3.4,8.7,12.1,3.1,0.9,1.9,2.8,3.8,22.6,19.2,1.9,Selected
Center,49,31:24,7.6,15.1,0.506,1.1,3.7,0.309,3.7,4.4,0.851,2.8,7.6,10.4,7.7,1.4,0.7,3.1,2.8,20.1,19.7,4.9,Selected
Guard,50,34:09,8.5,18.5,0.462,2.9,7.5,0.379,1.8,2.2,0.804,0.4,3.6,4,2,1.2,0.6,1.6,2.2,21.7,14,4,Selected
Center,50,31:15,8.7,16.7,0.52,1.2,3.1,0.377,2.2,2.8,0.775,2.7,9.3,12,3.8,1,1.2,2,2,20.7,18.6,0.5,Selected
Center,52,32:37,8.3,16.1,0.516,0.1,0.4,0.211,4.4,5.2,0.847,3,5.8,8.8,2.6,0.5,1.2,1.9,2.1,21.1,17.1,0.6,Selected
Guard,36,31:51,6.9,16.3,0.423,2.1,6,0.343,2.9,3.9,0.73,0.6,5,5.6,5.2,1.7,0.3,2.3,2,18.8,14,3.5,Selected
Guard,42,35:30,8.3,19.9,0.416,1.2,4.7,0.25,4,6.1,0.65,1.5,9.4,10.9,10.8,2.3,0.3,4.5,3.5,21.7,18.2,6.3,Selected
Guard,47,30:16,3.9,9.7,0.406,1.6,4.9,0.329,0.4,1,0.417,1.1,4.2,5.3,5.4,1.5,0.4,2.2,2.4,9.9,8.9,-0.3,Not selected
Center,49,27:52,4.3,9.4,0.456,2.6,6.5,0.391,1,1.2,0.803,0.4,3.7,4.1,1,0.4,2.1,1,2.2,12.2,9.4,6.9,Not selected
Center,21,13:34,1.7,3.4,0.493,0.2,0.5,0.5,1.1,1.5,0.719,0.8,4.4,5.2,1.9,0.1,0.6,0.6,1.1,4.7,5.5,-0.5,Not selected
Guard,49,28:52,4.9,12.2,0.402,1.9,5.7,0.343,2.5,2.9,0.861,0.6,2.2,2.8,4.2,0.7,0.1,1.8,2.9,14.3,9.4,-1.8,Not selected
Forward,19,10:05,1.5,4.3,0.346,0.8,2.7,0.308,0.5,0.6,0.818,0,1.6,1.6,0.4,0.1,0.3,0.3,1.3,4.3,2,-1.7,Not selected
Forward,40,24:58,3.4,8.6,0.394,1.6,4.6,0.346,2.7,3.6,0.743,1,3.9,4.9,1.1,0.4,0.1,1.1,1.6,11,7.4,0.4,Not selected
Guard,46,26:46,3.7,9.1,0.401,1.7,4.5,0.365,1.5,1.8,0.831,0.4,2.3,2.7,4.6,0.8,0.3,1.3,1.8,10.5,8.7,2.8,Not selected
Forward,46,19:37,2.8,6.3,0.448,1.3,4,0.333,1.8,2.3,0.778,0.9,3.3,4.2,1.6,0.6,0.3,1.3,2.2,8.8,6.7,0.7,Not selected
Guard,50,31:10,5.7,13.2,0.428,1.9,5.9,0.328,1.6,2.1,0.771,0.5,2.5,3,3.5,0.9,0.2,2,2.9,14.9,9,-1.2,Not selected
Guard,36,27:09,5,11.3,0.443,1.6,4.7,0.331,2.3,3.1,0.748,0.6,3.3,3.9,2.6,1.7,0.9,2.1,2.6,13.9,10.1,-5.6,Not selected
Forward,43,29:48,3.5,6.4,0.543,0.2,0.8,0.265,0.9,1.5,0.578,1.1,4.7,5.8,3,1.3,0.9,1.3,2.6,8,8.4,-1.3,Not selected
Forward,45,23:26,2.1,4.4,0.477,0.7,2.1,0.344,0.7,1.2,0.623,0.7,3.1,3.8,3.2,0.9,0.8,0.8,1.4,5.7,7,4.7,Not selected
Point-Forward,33,21:04,3,7.2,0.418,0.9,2.7,0.344,0.8,1.1,0.743,0.5,2.7,3.2,2.3,0.6,0.4,1.2,2.1,7.7,5.4,-1.7,Not selected
Forward,50,35:29,2.8,6.9,0.409,1.9,4.9,0.377,0.6,1,0.633,1.5,4.7,6.2,1.2,1.5,0.4,0.9,3.2,8.2,7.3,1.1,Not selected
Forward,29,31:30,6.2,14.6,0.425,2.5,6.5,0.386,2.1,2.6,0.838,1.1,6.9,8,1,0.8,0.8,1.6,2.1,17.1,11.7,-5.8,Not selected
Forward,50,25:34,4.3,7.7,0.564,0.2,0.7,0.333,1.7,2.3,0.733,2.6,4.2,6.8,1.3,0.8,0.6,1.1,2.6,10.6,9.7,1.2,Not selected
Guard,51,22:57,3.2,8.4,0.383,1.5,4.2,0.354,1,1.2,0.81,0.5,3.6,4.1,3.1,0.9,0.3,0.9,1.3,8.9,7.5,0.8,Not selected
Forward,52,29:34,3.2,7.3,0.43,1.3,3.7,0.351,1.9,2.2,0.836,1.6,6.5,8.1,1.2,0.9,0.4,0.8,2,9.5,9,4.6,Not selected
Guard,49,28:32,5.8,13.9,0.415,1.4,4.1,0.345,2.4,2.9,0.83,0.4,3,3.4,4.3,0.9,0.2,2.4,2.2,15.4,9.7,2.5,Not selected
Forward,48,25:00,5.8,9.4,0.612,0.1,0.2,0.778,2.9,3.9,0.753,2.7,6.7,9.4,2.8,0.6,0.5,2.2,3.2,14.6,13.3,3.3,Not selected
Center,48,28:49,6.7,12.7,0.529,0.7,2.5,0.27,2,2.6,0.78,2.1,5.5,7.6,1.4,0.5,1.3,1.8,3.1,16.1,12.1,5.2,Not selected
Forward,47,35:16,4.1,10.7,0.381,2.2,6.4,0.339,1.8,2.2,0.81,0.7,5,5.7,3.7,1.5,0.2,1.7,1.9,12.1,9.9,-5.8,Not selected
Forward,50,29:56,5.5,10.3,0.537,0.5,1.5,0.338,1.1,1.8,0.609,2.3,3.9,6.2,1.9,1.5,0.5,1.3,2.4,12.7,11.1,3.2,Not selected
Forward,40,32:56,6.6,13.6,0.487,0.5,1.7,0.309,3.4,5.2,0.638,0.8,4.1,4.9,3,0.6,0.6,2.6,2.7,17.1,10.8,-0.6,Not selected
Forward,47,34:41,6.6,16.5,0.396,1.6,4.8,0.341,3.2,4.5,0.717,1.1,3.4,4.5,2.3,1.1,0.5,1.9,2,18,10.7,1.6,Not selected
Forward,50,30:50,3.4,7.3,0.464,1.4,3.6,0.399,1.1,1.3,0.851,0.8,4.3,5.1,3.3,0.9,0.5,1.7,1.7,9.3,8.6,-0.2,Not selected
Forward,47,29:33,7.3,13.4,0.544,0.6,1.9,0.318,4.7,6.4,0.738,2.1,7.2,9.3,3,0.6,0.6,2.6,3.4,19.9,15.5,1.6,Not selected
Guard,47,34:35,6,14.8,0.402,2.5,6.6,0.372,3,3.4,0.863,0.7,3,3.7,3.8,1.1,0.5,1.7,2.8,17.3,11.9,1.5,Not selected
Forward,11,24:41,4.7,10.4,0.456,1.7,4.3,0.404,1.7,2.2,0.792,1,3.5,4.5,2.8,0.3,0.5,1.4,2.5,12.9,9.4,4.1,Not selected
Center,9,25:30,4.8,7.7,0.623,0,0,,3.2,5.3,0.604,2.7,6.6,9.3,0.4,0.8,0.4,1.8,3.8,12.8,10.4,-5.6,Not selected
Center,5,21:47,5.2,10.6,0.491,1.2,2.2,0.545,3.6,4.6,0.783,1,6,7,3.6,0.8,0.6,1.8,4.2,15.2,12.2,7.2,Not selected
Center,45,28:06,5.2,10.4,0.502,0.8,2.1,0.385,1.6,2.3,0.692,1.4,5.8,7.2,1.7,0.6,2.7,1.5,2.6,12.8,11.3,2.1,Not selected
Forward,47,33:40,6,13.3,0.452,1.6,4.4,0.349,2.3,3.2,0.728,1.8,5.9,7.7,3.5,0.7,0.7,1.9,2.3,15.9,12.5,-0.7,Not selected
Forward,51,34:34,7.8,15.5,0.503,2,4.7,0.433,3.6,4.1,0.884,0.7,7.3,8,2.6,0.8,0.5,1.9,2.2,21.2,16.1,1.1,Not selected
Center,51,27:23,5.7,11.3,0.501,0.1,0.5,0.12,3.8,5,0.753,3.4,7,10.4,3.2,1.1,1.6,2.3,3.3,15.2,14.3,5.2,Not selected
Center,30,18:48,5,8.6,0.575,0.3,1,0.3,2.6,3.1,0.819,1.8,5.4,7.2,1,0.4,0.8,1.3,2.7,12.8,10.6,2.3,Not selected
Guard,49,31:02,6.2,13.9,0.446,3,7.9,0.384,3,3.3,0.901,0.3,1.9,2.2,2.8,0.4,0.2,1.4,1.7,18.4,12.2,4.7,Not selected
Guard,45,25:39,5.9,14.4,0.413,1.3,3.7,0.351,5.5,6.1,0.902,0.4,2.6,3,5.2,0.6,0.1,2.4,1,18.7,13.5,3.7,Not selected
Forward,32,28:54,5.7,12.7,0.447,2.7,7.2,0.368,2.7,3.2,0.842,1.4,6.8,8.2,1.1,0.7,0.8,1.2,2.7,16.7,12.6,1.1,Not selected
Forward,46,32:13,5.8,14.4,0.406,2.5,6.3,0.392,3.5,4.2,0.829,0.7,3.5,4.2,1.2,0.7,0.2,1.3,1.7,17.7,10.9,-1.5,Not selected
Guard,31,30:16,3.8,9.5,0.406,0.9,2.6,0.341,2.9,3.6,0.82,0.4,2.1,2.5,8.1,1.1,0.4,2.3,2.1,11.5,11,0.3,Not selected
Guard,45,28:33,4.5,11.3,0.402,1.4,4.2,0.328,2.4,2.8,0.849,0.4,3,3.4,6.1,1.3,0.2,3,2.7,12.8,9.4,1.8,Not selected
Forward,52,31:11,4.2,9.8,0.43,2,5.6,0.359,1.2,1.8,0.714,0.3,3.5,3.8,4.9,1.4,0.2,2.2,2.4,11.6,9.4,4.1,Not selected
Guard,47,33:30,7,16.1,0.432,1.9,5.3,0.365,2.6,3.1,0.836,1,3.4,4.4,4.9,0.8,0.4,2.4,2.1,18.5,12.7,3.2,Not selected
Forward,50,24:42,3.4,8.2,0.415,1.3,3.9,0.333,1.5,1.7,0.872,1.4,4.2,5.6,1.5,0.5,0.1,1.2,2.3,9.6,7,-0.8,Not selected
Guard,49,29:21,6.1,12.4,0.492,1.4,4.8,0.303,2.2,2.8,0.768,1,3.5,4.5,5.5,1.4,0.4,2.1,2.1,15.8,13.7,7.7,Not selected
Center,51,23:10,4.4,7.7,0.57,0.3,1.2,0.237,2,3.1,0.647,2.7,4.5,7.2,1,0.7,1.2,1.1,2.2,11,10.5,0.1,Not selected
Guard,40,34:37,8.8,19,0.461,2.1,6.5,0.323,5.2,6.2,0.85,0.5,3.1,3.6,6.7,0.9,0.2,4,3.2,24.8,16.4,-6.5,Not selected
Guard,39,32:55,5.7,14.7,0.386,2.7,8.6,0.317,2.3,2.8,0.793,0.4,2.3,2.7,2,0.6,0.4,1.5,2.3,16.3,8.9,2.2,Not selected
Forward,35,34:21,4.5,10.3,0.431,2.4,6.4,0.378,1.9,2.5,0.764,0.8,4.7,5.5,1.3,2.1,1.3,1.3,3.6,13.3,10.8,1.9,Not selected
Guard,46,26:05,4.8,10.6,0.452,1.2,3.7,0.327,1.9,2.7,0.683,1,3.4,4.4,1.4,0.8,0.5,1.4,2.6,12.7,8.2,2,Not selected
Center,46,33:06,6.9,13.9,0.5,0.1,0.7,0.133,2.6,4.8,0.534,5.2,9.6,14.8,1.2,1.6,1.6,2.4,3.3,16.5,15.1,-1.3,Not selected
Guard,14,29:06,5.5,13.4,0.41,1.6,5,0.314,2.7,3.6,0.76,0.6,2.5,3.1,4.9,0.7,0.3,2.5,2.1,15.3,9.8,2.1,Not selected
Guard,32,29:52,5.4,12.8,0.425,1.6,5,0.314,2.3,2.9,0.815,0.7,2.3,3,2.7,1,0.4,1.2,2.1,14.8,10.1,5.8,Not selected
Center,50,31:05,4.2,6.5,0.644,0,0,,2.7,4,0.682,3.2,10.5,13.7,2,0.7,1.1,2.2,2.5,11,12.6,-0.4,Not selected
Forward,39,28:41,4.9,10.6,0.458,1.6,4.3,0.375,1.1,1.4,0.786,0.9,4.6,5.5,1.9,1.5,0.5,1,1.8,12.5,10.4,0,Not selected
Center,51,33:55,5.7,12.8,0.442,1.5,4.2,0.352,2.9,3.8,0.76,1.1,7.6,8.7,4.7,1.2,1.2,2.3,2.8,15.7,13.5,-1.1,Not selected
Forward,51,31:01,6,13.4,0.452,1.6,4.3,0.382,2.5,3,0.855,1,5.2,6.2,1.8,1,0.8,1.5,2.1,16.3,11.9,5.9,Not selected
Center,48,34:09,6.5,10.6,0.613,0,0,0,2.4,4.3,0.556,4.7,5.3,10,1.8,1.5,0.8,1.6,2.6,15.4,15.3,6.7,Not selected
Forward,42,25:44,4.5,9.3,0.485,0.7,1.9,0.346,2.7,3.7,0.723,2.1,4.6,6.7,1.8,1.2,0.8,1.3,2.5,12.3,10.8,5,Not selected
Guard,51,33:45,6.9,15.9,0.433,2.2,6,0.359,4.3,5,0.844,0.6,2.8,3.4,6.3,1.4,0.3,1.9,1.7,20.2,16.2,0.2,Not selected
Center,42,34:11,7.5,11.9,0.631,0,0,,2.6,4.1,0.626,5,7.6,12.6,1.5,0.6,1.8,1.5,2.7,17.6,17.7,0.6,Not selected
Guard,48,33:06,8.2,19.3,0.425,2.2,6.8,0.33,3.8,4.9,0.79,0.7,3.1,3.8,3.9,1.6,0.4,2.7,2.7,22.5,14,3.3,Not selected
Guard,51,33:58,8.3,17.8,0.463,2.1,6,0.359,2.4,2.8,0.828,0.9,3,3.9,2.7,0.8,0.4,1.6,2.4,21,13.5,4.7,Not selected
Forward,4,33:56,5.2,16.2,0.323,1.8,6,0.292,6.8,8.2,0.818,2.5,11,13.5,3.5,0.2,0.2,2.5,3.5,19,13.2,-8.5,Not selected
Guard,48,35:22,8.3,17.9,0.466,0.1,0.8,0.175,4.7,5.7,0.822,0.8,5.4,6.2,6.3,1.1,0.5,2.7,2.3,21.5,16.3,-0.5,Not selected
Guard,52,36:48,8.2,17.1,0.479,1.7,5.1,0.332,3.1,4.1,0.755,1.2,3.7,4.9,8,1.6,0.8,3.3,2.4,21.2,17.6,3.5,Not selected
Point-Forward,46,25:49,3.8,9,0.418,1.2,3.7,0.314,2,2.3,0.841,0.8,3.8,4.6,3.4,1,0.3,1.5,1.4,10.7,8.9,2.3,Not selected
Guard,32,34:29,7.7,17.2,0.444,1.6,5.3,0.302,3.8,5.5,0.697,0.5,3.2,3.7,8.7,1.5,0.9,3.8,2.2,20.7,15.9,-4.8,Not selected
Center,41,28:16,5.3,9.9,0.531,1.1,3.1,0.362,0.9,1.1,0.778,1.8,4.8,6.6,3.7,0.8,1.5,1.7,1.9,12.5,12.3,3.5,Not selected
Center,52,31:37,5.6,8.7,0.65,0,0,,3.8,5.8,0.648,3.8,9.1,12.9,2.2,0.9,2.2,1.5,2.8,15,17.1,4.4,Not selected
Point-Forward,35,31:15,2.7,6.6,0.417,0.6,2.4,0.262,1,1.3,0.723,1,6.9,7.9,7.3,1.6,0.9,2.6,3.2,7.1,9.7,8.7,Not selected
Forward,39,33:01,6.9,14.5,0.479,1.3,3.3,0.385,4.5,5.3,0.845,1.7,3.2,4.9,3.7,2.1,0.6,1.5,1.7,19.6,17.1,1.7,Not selected
Guard,28,32:38,5.2,12.4,0.418,2,5.7,0.35,2.9,3.6,0.81,0.6,3.5,4.1,8,2.1,0.3,2.9,2.6,15.2,13.8,1.2,Not selected
Point-Forward,43,36:53,10.4,18.7,0.557,1.8,4.9,0.376,4.6,6,0.77,1.2,6.8,8,8.8,1.7,1.1,4.3,1.7,27.3,24.3,0.4,Selected
Guard,31,32:42,8.7,17.6,0.495,4.1,9.9,0.418,6.2,6.7,0.918,0.6,4.7,5.3,6.5,1.6,0.1,2.9,2.5,27.7,22.8,11.4,Selected
Center,44,36:03,8.5,18.2,0.469,2.2,6.1,0.352,6,8.1,0.747,2.2,10.5,12.7,5.1,1.6,1.6,5,3.8,25.2,19.5,0.9,Selected
Guard,43,34:40,8.8,18.4,0.48,1.1,3.2,0.345,6.4,7.7,0.825,0.8,3.3,4.1,5,1.1,0.3,2.3,1.8,25.2,18.6,5.8,Selected
Forward,38,36:03,9.7,17.5,0.557,0.7,2,0.347,6.5,7.9,0.818,2.6,7.9,10.5,2.3,1.1,2.1,1.9,1.9,26.7,23.4,3.7,Selected
Point-Forward,42,37:25,10.3,18.8,0.546,0.5,1.6,0.279,7.2,9.4,0.766,2.3,7.8,10.1,4.6,1.5,1.3,2.7,3.1,28.2,23.8,2.2,Selected
Forward,38,34:44,9.4,18.4,0.511,2.5,6.2,0.404,4.9,5.5,0.889,0.6,6.4,7,5.4,0.8,2.1,3.1,2.2,26.2,21.2,7.8,Selected
Guard,35,36:19,9.5,21.2,0.451,4.1,10.6,0.39,9.1,10.5,0.867,0.5,4.5,5,9.1,1.8,0.5,4.4,2.7,32.3,25.5,7.3,Selected
Guard,43,32:42,8.8,18.6,0.472,2.6,6.7,0.39,3.9,4.4,0.884,0.6,3,3.6,5,1.2,0.3,2.4,2.2,24.1,17.3,5.6,Selected
Center,31,31:19,8.2,16.9,0.486,0.9,3.1,0.289,6.5,8.2,0.798,2.2,8.6,10.8,3.4,0.6,1.9,4.2,3.5,23.8,17.5,6.3,Selected
Center,43,32:55,5.7,10.5,0.543,0,0.1,0,3,4.7,0.629,4.9,10.1,15,3.9,1.5,1.2,2.7,3.3,14.3,16.1,0.1,Selected
Center,43,32:41,5.4,10.4,0.514,1.4,3.3,0.43,1.2,1.6,0.725,1.4,6.3,7.7,5.3,0.6,1,2,1.8,13.3,13.2,6.2,Selected
Guard,47,35:56,8.6,18.6,0.459,2.4,6.5,0.368,4.1,5.3,0.782,0.8,3.5,4.3,3.7,1.1,0.5,2.2,1.9,23.6,16.2,3,Selected
Point-Forward,40,32:23,4,8.7,0.463,1.2,3.8,0.312,2.1,2.7,0.776,1.1,6.8,7.9,7.6,1.3,1.3,2.8,2.6,11.3,13.1,6.8,Selected
Guard,42,32:04,6.4,14.7,0.437,1.5,4.2,0.352,2.9,3.8,0.764,0.7,3.5,4.2,4.9,0.9,0.2,2.5,2.3,17.3,11.8,-1.6,Selected
Guard,45,36:55,7.4,15.5,0.476,1.2,3.3,0.354,5.8,6.6,0.875,1.4,3.9,5.3,5,2,0.4,1.9,1.2,21.7,19,6.5,Selected
Guard,43,34:42,7.3,17.4,0.42,2.5,7.2,0.344,4.6,5.4,0.85,0.4,3,3.4,5.9,1.2,0.3,2.1,1.4,21.8,16.3,4,Selected
Guard,40,36:41,8.2,18.9,0.436,2.9,8,0.364,5.8,6.3,0.917,0.8,4,4.8,6.6,1,0.4,3.2,1.8,25.2,18.8,2.1,Selected
Forward,43,36:21,7.1,16.3,0.436,3.1,7.3,0.429,3.4,4.3,0.809,0.8,4.7,5.5,3,2.2,0.6,2.8,3.1,20.8,14.5,2.4,Selected
Guard,42,32:59,5.4,12.6,0.425,3,7.6,0.397,3.2,3.7,0.877,0.8,5.2,6,6.7,1.2,0.1,2.6,2.3,17,14.7,5,Selected
Guard,36,34:16,6.8,16.3,0.417,1.3,3.8,0.348,4.4,6.1,0.717,0.6,3.1,3.7,9.2,1.3,1.1,3.6,1.9,19.3,15.5,3.8,Selected
Center,49,35:35,7.4,13.8,0.537,1.5,3.6,0.412,3.7,4.4,0.839,2.8,9.3,12.1,2.3,0.8,1.6,2,3.4,20,17.9,5.7,Selected
Forward,44,28:26,6,13,0.459,2.2,5.6,0.401,4.4,5,0.882,2,7.4,9.4,1.7,0.7,0.5,1.6,2.1,18.6,15,-0.5,Selected
Guard,46,34:16,8,16.5,0.486,3.3,7.4,0.453,1.3,1.5,0.881,0.5,3.5,4,2.5,0.7,0.6,1.7,1.7,20.6,14.1,7.5,Selected
Forward,41,33:01,8.3,19.1,0.436,1.8,4.7,0.387,4.8,5.9,0.807,1.3,5.4,6.7,1.2,0.8,2.3,2.1,3,23.3,15.3,0.7,Selected
Center,46,33:55,8.7,17.9,0.487,0.5,1.5,0.338,4.4,5.2,0.838,3.4,5.3,8.7,1.9,0.5,1.2,1.5,2.3,22.3,17.1,3.1,Selected
Guard,42,34:07,8.8,18.2,0.484,2.5,6.2,0.402,4.1,5.2,0.794,0.5,4.7,5.2,3.9,2,0.9,2.8,2.4,24.2,17.8,4.4,Selected
Guard,46,35:50,9.2,21.1,0.438,1.4,4.4,0.313,4.9,7,0.707,1.8,7.8,9.6,10.1,2,0.2,4.6,2.3,24.8,20.2,5.3,Selected
Guard,14,25:50,6.9,15.4,0.447,1.4,4.7,0.288,3.1,4.6,0.677,0.6,3.4,4,5.1,0.9,0.1,3.7,2.4,18.2,10.9,-4.7,Not selected
Guard,38,33:24,4.8,11.4,0.416,2.1,5.8,0.357,2.1,2.7,0.765,0.8,4,4.8,2.1,1.7,0.3,1.4,1.7,13.7,10.3,-1.5,Not selected
Forward,46,14:32,1.1,3,0.365,0.8,2,0.391,0.4,0.5,0.909,0.3,1.7,2,0.6,0.5,0.2,0.5,1,3.4,2.7,-1,Not selected
Forward,44,28:41,3.5,8.1,0.429,2.1,5.7,0.369,1.1,1.4,0.79,1.6,4,5.6,1,0.5,0.4,0.8,2,10.2,8,2.3,Not selected
Guard,37,29:13,5.5,10.5,0.519,0.6,1.6,0.39,1.6,2.6,0.632,1.1,2.9,4,6.4,1.3,0.3,2.6,2.1,13.2,11.8,-4.9,Not selected
Forward,49,33:47,5.1,8.9,0.574,0.1,0.6,0.241,1.8,2.3,0.765,2.6,5,7.6,1.3,0.9,0.7,1.1,2.7,12.1,11.1,4.7,Not selected
Forward,46,23:14,5.3,9.6,0.552,0.2,0.8,0.229,2.9,4.2,0.684,1.9,5.2,7.1,2,0.5,0.7,2.3,3.3,13.6,10.1,-1.2,Not selected
Guard,45,32:11,7.4,16.5,0.451,3,7.3,0.405,5.4,6,0.904,0.5,2,2.5,5.1,1,0.2,2.9,1.5,23.3,16.7,1.1,Not selected
Forward,48,24:23,3.3,7.9,0.415,1.8,4.7,0.382,1.3,1.5,0.886,0.3,1.7,2,2.8,0.7,0.1,1.4,1.4,9.6,6.8,1.2,Not selected
Point-Forward,39,26:42,4.1,8.4,0.482,0.8,2.7,0.317,1.6,2.3,0.678,0.8,4.2,5,4.1,0.9,0.6,2.1,2.8,10.5,8.7,0.6,Not selected
Guard,11,30:19,4.4,10.8,0.403,2.2,5.5,0.4,1.3,1.5,0.824,1.5,2.6,4.1,2.9,1.7,0.5,2.3,3.1,12.2,8.6,2.3,Not selected
Center,34,29:56,7.3,14.9,0.491,1.4,4.1,0.343,1.4,1.6,0.821,1.8,7.5,9.3,3.3,1,1.1,1.9,2.4,17.4,14.5,-0.2,Not selected
Forward,45,25:55,3.3,6.9,0.482,1.7,3.7,0.452,1.3,1.4,0.877,0.9,3.7,4.6,1.1,0.7,0.4,0.7,1.5,9.6,8.2,0.9,Not selected
Guard,36,28:15,6,14.5,0.413,2.7,7,0.386,2.1,2.4,0.862,0.4,2.6,3,1.7,0.8,0.2,1.7,1.8,16.7,9.6,-2.5,Not selected
Center,18,12:30,1.6,2.9,0.528,0,0,,0.9,1.1,0.842,1.4,2.6,4,0.3,0.6,0.6,0.8,1.7,4,3.9,-5.3,Not selected
Center,47,28:27,5.9,10.9,0.54,0,0.1,0.286,1.3,1.6,0.776,2.2,2.7,4.9,2.1,0.2,0.9,1.8,1.9,13.1,9.7,-1.8,Not selected
Forward,43,31:05,3.4,8.2,0.413,1,3.1,0.321,1.4,1.6,0.857,1.5,4,5.5,2.1,0.5,0.5,1.5,2,9.1,6.9,0.1,Not selected
Guard,43,32:43,6.5,15.6,0.416,3.2,9.6,0.33,3.4,4.1,0.825,0.4,2,2.4,2.6,0.7,0.3,2.2,1.8,19.5,11.6,8.3,Not selected
Forward,41,32:25,4.5,10.9,0.416,2.8,7.2,0.385,1.6,1.9,0.846,0.8,5,5.8,1.9,1.7,0.7,1.9,3,13.5,10.1,4.7,Not selected
Forward,45,32:32,6.7,14.6,0.455,2.4,5.7,0.414,2.4,2.8,0.844,0.8,4.4,5.2,2,0.7,0.3,1,1.8,18.1,12.7,0.3,Not selected
Center,41,20:59,4.3,7.7,0.552,0.2,0.5,0.381,2.4,2.8,0.858,2.2,5.9,8.1,0.7,0.3,0.6,1.5,2.7,11.1,9.2,2.3,Not selected
Forward,39,25:07,3.8,8.5,0.455,0.9,2.5,0.367,1.3,1.6,0.82,1.2,4.4,5.6,1.2,0.6,0.5,1.6,3.2,9.9,6.5,-0.3,Not selected
Guard,33,27:04,5.5,12.3,0.446,1.3,3.8,0.339,2.4,2.8,0.84,0.7,2.2,2.9,5.5,0.6,0.1,2.5,2.1,14.6,10.3,-0.3,Not selected
Guard,43,31:51,7.8,17.7,0.44,1.1,3.8,0.299,3.3,3.7,0.882,0.7,2.3,3,6.6,1.1,0.1,2.6,2,20,14.2,-3.6,Not selected
Guard,37,26:21,3.2,7.9,0.405,1.7,4.4,0.389,0.4,0.6,0.682,0.4,3,3.4,1.8,1.1,1.1,1.2,1.4,8.5,6.7,1.5,Not selected
Guard,41,23:16,4.3,9.6,0.447,0.5,1.5,0.323,2,2.8,0.717,0.8,3,3.8,3.7,1,0.7,2,1.9,11,8.5,2,Not selected
Center,45,30:28,5.7,10.5,0.541,0,0,0,4.1,7.7,0.533,3.5,9.1,12.6,1.4,0.7,1.6,3,3.2,15.5,12.5,2.2,Not selected
Center,21,21:25,4.5,7.6,0.591,0,0,,1.2,1.7,0.722,2.1,5,7.1,2.3,0.6,0.2,1.7,1.9,10.2,9.4,-4.6,Not selected
Forward,47,25:06,4.6,9.9,0.468,1.6,3.9,0.418,1.4,1.5,0.901,0.4,5.2,5.6,1.7,0.6,0.5,0.7,1.7,12.3,9.7,-0.8,Not selected
Center,19,19:54,2.5,5,0.495,0.1,0.1,1,2.2,3.1,0.724,2.4,3.1,5.5,0.8,0.5,1.1,1.1,2.7,7.2,6.6,-0.9,Not selected
Center,44,27:00,5.9,12.5,0.471,0,0.2,0,2.8,4.2,0.663,2.2,5.9,8.1,1.8,0.8,1.3,2.6,3,14.5,10,-0.4,Not selected
Center,33,29:12,5.2,10.7,0.49,0.8,2.5,0.333,2.6,3.5,0.746,1.2,5.3,6.5,1.6,0.5,2.2,1.7,2.7,13.9,11,1.2,Not selected
Center,44,28:13,5,9.2,0.548,0.1,0.5,0.208,2.1,3,0.723,2.5,4.5,7,1.5,0.7,1,1.3,2.3,12.3,10.9,-1.6,Not selected
Center,47,26:46,3.8,7,0.535,0,0,,1.4,2.4,0.607,2.3,5.9,8.2,1.8,0.6,0.7,1.2,2.1,9,8.9,1.2,Not selected
Center,46,25:19,4,8.5,0.471,0.8,1.9,0.414,1.9,2.4,0.782,1.5,6.7,8.2,3.3,0.3,1.1,1.5,1.5,10.7,10.4,1.4,Not selected
Guard,37,34:27,8.3,19,0.437,2.7,7,0.382,5.7,6.5,0.887,0.4,4.1,4.5,4.7,1,0.3,3.6,3.1,25,15.9,-4.7,Not selected
Guard,38,27:02,3.6,7.8,0.461,1.4,3.1,0.448,1.7,2.2,0.776,0.5,2.4,2.9,2.8,0.9,0.3,1.4,1.7,10.3,8.1,-6.2,Not selected
Forward,41,36:01,4.1,9.7,0.424,2.7,7.1,0.385,1.2,1.3,0.891,0.6,4.3,4.9,1.7,1.6,0.2,0.9,1.9,12.1,9.9,6.1,Not selected
Guard,46,29:01,3.8,10,0.384,1,3.5,0.292,2.4,2.8,0.867,0.5,3.5,4,4.8,1.6,0.1,2.8,2.6,11.1,8.1,-3,Not selected
Guard,46,37:02,7.3,14.9,0.493,1.7,5,0.339,2.3,2.8,0.812,0.6,3.7,4.3,5.2,1.5,0.6,2.6,2.3,18.6,14.5,3.3,Not selected
Guard,36,32:34,5.8,13,0.448,2.7,6.7,0.405,2.9,3.1,0.946,0.2,2.6,2.8,3.3,0.5,0.1,1.5,2.1,17.3,12,2.3,Not selected
Center,40,26:26,6.2,9.3,0.664,0,0,0,2.2,3.6,0.601,3.3,7.4,10.7,1.2,0.8,1.7,1.6,2.8,14.5,14.5,4.4,Not selected
Guard,43,34:54,6.5,13.3,0.489,2.3,5.9,0.38,1.8,2.2,0.809,0.6,2.1,2.7,3.3,2,0.3,1.9,1.8,17,13,3.1,Not selected
Forward,40,28:07,5.3,10.9,0.483,1.4,4,0.352,1.2,1.6,0.762,1,5.1,6.1,0.7,0.4,1.4,1.2,2.9,13.2,9.3,4.8,Not selected
Guard,38,33:43,4.9,11.2,0.436,1.2,3.4,0.357,2.5,3.1,0.81,0.4,2.7,3.1,7.1,1.5,0.3,2.8,2.6,13.4,11.2,2.5,Not selected
Guard,38,31:36,6,14.5,0.411,1.9,4.9,0.396,1.6,2.1,0.763,0.5,1.9,2.4,2.1,1.2,0.2,2.3,2,15.5,8,-2.3,Not selected
Forward,43,31:34,5.3,11,0.483,1.7,3.9,0.426,1.2,1.4,0.823,1.2,5.1,6.3,1.8,1.6,0.6,0.8,1.9,13.5,11.8,3.5,Not selected
Center,25,19:04,2.1,3.6,0.584,0,0,,1,1.8,0.591,2.2,3.7,5.9,0.6,0.3,0.4,0.6,2,5.2,5.4,-3,Not selected
Forward,49,36:11,7,15.9,0.44,1.4,4.3,0.327,2.8,4.4,0.636,1.1,3.1,4.2,1.8,1.1,0.6,1.6,1.9,18.2,11.4,4.7,Not selected
Forward,47,34:49,7,15.3,0.454,1.3,3.9,0.343,3.3,3.9,0.832,1.1,5.7,6.8,2,0.7,0.2,1.6,1.3,18.5,13,-3.5,Not selected
Guard,31,31:15,4.2,10.1,0.412,1.1,4,0.285,1.5,1.9,0.814,0.7,3.6,4.3,4.6,1,0.3,2.1,1.1,11,8.9,1.7,Not selected
Center,41,31:54,6,9.3,0.645,0,0,0,1.9,3.2,0.603,5,3.8,8.8,1,1.1,1,1.6,2.8,13.9,13.8,4.1,Not selected
Forward,39,25:52,2.2,5.1,0.422,0.4,1.8,0.225,0.9,1.4,0.661,0.8,3,3.8,3.4,0.8,0.6,1.1,1.4,5.7,6.3,4.1,Not selected
Center,38,21:14,4.4,10.1,0.435,1.4,4.3,0.323,1.5,2.2,0.707,1.1,2.9,4,1.6,0.5,1.3,1.6,2.7,11.7,7.7,-1.4,Not selected
Forward,45,25:26,3,7.3,0.41,1.2,3.7,0.313,1.4,1.6,0.878,0.8,2.4,3.2,1.1,0.8,0.2,0.8,2.3,8.6,6,-1.6,Not selected
Forward,11,31:46,4.4,12.6,0.345,1.5,5.6,0.258,3.2,3.3,0.972,0.2,4.2,4.4,2.5,0.7,0.2,1.5,1.5,13.4,8.2,2.1,Not selected
Guard,7,24:29,5.7,14.4,0.396,2,6.9,0.292,2.7,3.6,0.76,0.7,0.6,1.3,3.6,0.4,0.1,2.4,1.7,16.1,8.6,-8.6,Not selected
Guard,46,36:21,8.1,18.3,0.444,2.5,5.9,0.419,2.7,3.1,0.88,0.6,3.4,4,3.2,1.1,0.4,1.9,2.3,21.4,13.9,-0.2,Not selected
Guard,39,31:24,6.2,13.8,0.444,1.5,4.8,0.307,3.7,4.8,0.762,0.7,2.9,3.6,4.2,2.2,0.6,3,2.5,17.5,12.8,-0.5,Not selected
Forward,45,32:34,6.7,15.7,0.424,2.2,6,0.365,2.3,3,0.766,0.7,5.2,5.9,1.5,0.7,0.6,1.3,2.8,17.9,11.1,4.2,Not selected
Forward,46,37:16,7.4,16.1,0.463,1.9,5.5,0.341,3.7,4.2,0.875,0.5,4.8,5.3,4.3,1.3,0.2,2.3,3.2,20.4,14.5,0.8,Not selected
Center,29,26:06,6.1,10.8,0.569,0.1,0.1,1,2.4,3.2,0.734,2.8,9,11.8,0.8,0.8,1.9,1.7,2.2,14.7,14,-1.1,Not selected
Center,41,32:07,4.9,7.3,0.661,0,0,,2,3.4,0.604,4.4,10.5,14.9,1.2,0.5,1,1.6,2.9,11.8,13.5,-0.7,Not selected
Forward,16,29:39,5.6,12.6,0.446,1.2,3.6,0.345,2.8,4.1,0.692,1.5,4.7,6.2,3.1,1.1,1.2,2.1,2.4,15.3,11.8,2.3,Not selected
Center,44,28:26,6,13,0.459,2.2,5.6,0.401,4.4,5,0.882,2,7.4,9.4,1.7,0.7,0.5,1.6,2.1,18.6,15,-0.5,Not selected
Center,40,31:03,5.9,12.6,0.47,1.2,3.6,0.333,3.1,3.7,0.85,2.8,7.7,10.5,5,1.2,0.8,2.7,2.6,16.2,15.2,3.4,Not selected
Center,45,34:29,6.2,14.8,0.418,1.4,4.2,0.34,4.3,5.1,0.839,1.3,7.2,8.5,3.9,0.7,1.4,2.8,2.5,18.1,13.5,-3,Not selected
Point-Forward,30,34:21,7.7,17.4,0.444,1.9,5.6,0.331,5.4,6.9,0.783,1.5,6.4,7.9,5.5,0.8,0.3,3.2,2.5,22.7,16.7,0.3,Not selected
Guard,12,31:06,5.3,14,0.381,2,6.4,0.312,4.4,5.5,0.803,0,2.2,2.2,4.1,1,0.2,1.5,2,17.1,11.4,-1.3,Not selected
Forward,1,5:15,1,2,0.5,0,1,0,0,0,,0,1,1,0,0,0,0,1,2,0.9,3,Not selected
Center,21,29:43,4.3,7.2,0.599,0,0,,3.4,5.1,0.664,2.6,7,9.6,1.1,0.6,2.4,2,2.6,12,12,-2.2,Not selected
Guard,28,32:17,6.5,14.1,0.46,2.8,7,0.396,3.3,3.6,0.911,0.7,5.2,5.9,8.9,1.9,0.4,2.6,2.5,19.1,18.6,8,Not selected
Forward,9,23:19,5.8,12.3,0.468,1.2,3.9,0.314,3.4,4.2,0.816,0.7,4,4.7,2.3,2,1,1.8,1,16.2,13.4,1.9,Not selected
Guard,35,34:48,8.7,18.9,0.461,2.3,5.7,0.405,3.9,4.3,0.895,0.9,2.6,3.5,5.6,1.1,0.1,2.7,1.9,23.6,16.8,4.8,Selected
Guard,42,35:27,10.2,21.5,0.475,0.3,1.4,0.241,7.5,8.8,0.848,1,4.4,5.4,3.9,1.2,0.2,2.4,1.9,28.2,19.7,3.4,Selected
Point-Forward,37,37:02,9.4,18.4,0.512,1.8,4.8,0.375,5,7.1,0.703,1.4,6.3,7.7,8.1,1.5,0.5,4.1,1.6,25.6,21.3,7.6,Selected
Point-Forward,40,34:44,8.6,16.1,0.537,0.7,2.4,0.284,5.7,7.2,0.783,1.9,6.8,8.7,5.6,1.8,2.1,3,3.4,23.6,21.4,2.4,Selected
Forward,41,36:49,7.6,16.9,0.452,1.2,3.5,0.345,8.4,9.7,0.866,1.7,5.1,6.8,4.8,1.7,0.3,2.1,1.7,24.8,20.8,2.8,Selected
Guard,42,33:34,8.2,17.5,0.465,3.8,9.5,0.397,4.5,4.9,0.926,0.6,3.6,4.2,6.1,1.8,0.2,3,2.3,24.6,19.2,12.6,Selected
Guard,45,36:35,8.4,19,0.443,3.1,9,0.347,8.9,10.4,0.853,1.3,7,8.3,11.6,1.4,0.4,5.7,2.5,28.9,24.4,6.5,Selected
Forward,42,34:23,9.2,17,0.544,2,5,0.405,5.7,6.6,0.863,0.6,8,8.6,4.7,1.1,1.7,2.3,2,26.2,23,11.4,Selected
Forward,39,33:14,8.2,16.7,0.488,2.1,4.9,0.415,6.5,7.2,0.907,1.2,4.5,5.7,3.1,1.9,0.7,1.8,1.6,24.8,20.4,6,Selected
Forward,40,36:34,10.4,20.8,0.501,0.5,1.8,0.3,7.4,9.3,0.796,2.4,9.7,12.1,2.2,1.3,2.4,2.5,2.3,28.8,23.3,-0.2,Selected
Guard,43,36:23,8.5,18.3,0.464,1.1,3.4,0.317,5,6.1,0.824,0.9,3.6,4.5,10.1,2.2,0.5,4.2,2,23.1,19.5,3.3,Selected
Guard,41,34:19,9.2,19.9,0.462,3,8,0.38,7.7,8.5,0.908,0.7,2.1,2.8,6.2,0.8,0.1,2.5,2.1,29.1,21.5,1.7,Selected
Guard,45,37:20,7.1,15.1,0.469,3.2,7.5,0.422,5.1,6.1,0.83,0.9,3.9,4.8,6.9,1.6,0.4,2.9,2.9,22.4,18.8,6.3,Selected
Guard,45,33:50,8.2,18,0.457,2.8,6.9,0.411,3.8,4.6,0.827,0.6,3.4,4,5.5,1.2,0.2,2.3,1.6,23,17.2,3.8,Selected
Forward,37,35:25,7.7,17.1,0.45,2.4,6.1,0.387,4.4,4.8,0.926,0.8,5.2,6,3.2,1.7,0.3,2.8,2.6,22.2,15.5,1.4,Selected
Forward,39,32:02,6.6,15.3,0.429,2.6,6.9,0.376,4.8,5.5,0.869,2.6,8.4,11,1.9,0.8,0.3,2.1,1.9,20.5,16,7.4,Selected
Forward,43,34:00,6.4,14.4,0.444,1.2,3.6,0.335,3.9,5.2,0.75,1.7,6.4,8.1,3.8,1.5,1,2.3,2.6,18,14.6,4,Selected
Guard,46,34:40,10,23.7,0.419,2.1,6.3,0.33,8.7,10.6,0.822,1.8,8.8,10.6,10.4,1.6,0.3,5.6,2.4,30.7,23.8,3.8,Selected
Guard,45,34:16,8,17,0.467,3.1,7.8,0.396,2.1,2.5,0.847,0.6,3.2,3.8,1.9,0.8,0.5,1.8,1.9,21.1,13.5,11.6,Selected
Point-Forward,40,34:51,7,15.2,0.457,2,5,0.399,5.9,6.8,0.874,0.6,5.2,5.8,3.4,1,0.3,2,1.7,21.8,16.4,3.6,Selected
Center,44,34:35,9.4,20.8,0.449,1.7,4.7,0.365,7.5,9.7,0.773,2,8.2,10.2,4.4,1.5,1.4,3.4,3.6,28,20.8,0,Selected
Center,47,32:01,4.9,7.1,0.69,0,0,0,2.7,5.3,0.514,3.7,10.3,14,1.1,0.6,1.8,1.5,2.7,12.5,14.1,4.8,Selected
Center,45,34:17,7.5,16.2,0.464,1.4,3.6,0.395,4.1,5,0.825,0.8,5.3,6.1,4.2,1,1.4,2.1,2.2,20.6,16,1.1,Selected
Point-Forward,44,33:21,3.8,8.6,0.448,1.1,3.3,0.322,1.9,2.9,0.667,1.6,6.9,8.5,7.5,1.9,1.4,2.3,3,10.7,13.7,11,Selected
Guard,44,34:31,7.4,17.6,0.422,1.9,5.1,0.373,3.9,4.6,0.837,0.5,2.2,2.7,3.1,0.9,0.2,2.8,3.2,20.6,11.2,-2.5,Not selected
Forward,47,27:45,4.5,10.3,0.438,1.1,3.6,0.304,1.4,2.3,0.618,1.3,3.4,4.7,2,0.8,0.4,1.1,2.1,11.6,8.3,-2.5,Not selected
Guard,42,21:53,4,10.3,0.394,0.9,2.6,0.349,2.9,3.4,0.858,0.5,1.9,2.4,2.4,0.6,0,1.7,1.8,11.9,7,-6.2,Not selected
Guard,38,19:10,2.6,6.8,0.376,1.4,3.5,0.394,1.6,1.8,0.868,0.4,2.1,2.5,2.5,1.2,0.3,1.4,1.7,8,6.2,4.3,Not selected
Guard,21,28:55,3,8.8,0.337,2.4,6.6,0.362,0.3,0.4,0.778,0.4,1.8,2.2,1.2,1.2,0.4,0.7,2.2,8.6,5.2,5.2,Not selected
Guard,36,33:01,6.1,13.7,0.443,1.7,4.8,0.358,3.2,3.8,0.826,0.6,2.5,3.1,3.3,1,0.1,2.1,2.7,17,11,-2.5,Not selected
Center,38,26:54,4.2,7.2,0.59,0,0,,2.4,3.5,0.689,2.3,4.2,6.5,1.4,0.7,1.1,1.2,3.2,10.9,10,4.7,Not selected
Center,47,27:54,4.4,8.3,0.534,0,0.1,0,2.2,4.1,0.55,2,5.7,7.7,4.2,0.9,1.2,1.6,2.7,11,11.5,0.1,Not selected
Guard,43,35:24,5.1,12.9,0.394,2.9,7.5,0.386,1.9,2.4,0.798,0.2,3,3.2,2.2,1.2,0.2,1.4,2.1,15,9.5,-3.9,Not selected
Center,46,24:28,2.3,4.5,0.524,0,0,,1.6,3.2,0.49,2.1,5.6,7.7,1,0.3,1.3,1.3,2.3,6.3,6.3,-3.7,Not selected
Forward,44,27:07,4,10.2,0.388,1.2,3.7,0.317,1.6,2.3,0.71,0.6,2.6,3.2,2.7,1.3,0.6,1.6,2.3,10.8,7.1,-1.4,Not selected
Forward,46,30:22,4.6,10.7,0.427,2.7,6.7,0.405,1.9,2.1,0.896,1.6,3.4,5,0.9,0.5,0.2,0.9,2,13.7,9.8,5.5,Not selected
Center,46,21:51,5.7,10.2,0.564,0.1,0.7,0.161,3,3.8,0.795,2.6,4.1,6.7,1,0.4,0.7,1.6,2.2,14.6,11.7,1,Not selected
Forward,40,22:07,3.6,6.6,0.557,0,0.1,0,2.2,3.2,0.688,3,4.8,7.8,0.9,0.7,0.8,1,2.1,9.5,9.6,-1.6,Not selected
Forward,44,19:55,2.5,4.6,0.537,0.3,0.8,0.353,1,1.4,0.694,1.7,2.9,4.6,1.8,0.6,0.7,0.9,2.7,6.2,6.1,0.9,Not selected
Guard,37,29:18,5.2,12.5,0.418,2.1,5.8,0.357,1.5,2,0.747,0.3,3.4,3.7,2,0.6,0.2,1.2,2.3,14,8.3,4.6,Not selected
Center,18,17:01,3.3,5.6,0.6,0,0,,1.5,2,0.75,1.6,3.2,4.8,0.7,1.1,0.8,0.9,2.1,8.2,7.9,-4.2,Not selected
Center,23,23:26,1.4,3.1,0.458,0,0,0,0.1,0.5,0.273,2.3,6.7,9,2,0.5,1,1.7,3.2,3,4.5,-0.8,Not selected
Center,47,28:15,4.2,8.7,0.483,0,0,0,0.8,1.2,0.655,3.4,3.6,7,0.8,0.2,1.7,1.1,1.9,9.2,8.2,-0.5,Not selected
Forward,49,34:36,4.4,10.3,0.428,2.7,7.2,0.374,0.9,1.3,0.698,0.7,4.6,5.3,2.2,1.9,0.3,0.9,1.7,12.4,10.7,5.2,Not selected
Forward,30,33:45,6.7,14.7,0.455,1.4,3.8,0.372,3.9,4.6,0.855,1.2,5.2,6.4,2.8,1.5,0.9,2.5,2.6,18.7,13.7,2.3,Not selected
Center,34,23:06,5.2,8.4,0.623,0,0,,1.1,2.4,0.457,2.4,5.3,7.7,0.9,0.4,1.5,1.2,2.6,11.5,10.3,0.2,Not selected
Center,40,25:49,6.1,10.2,0.597,0.5,1.6,0.333,2.4,3,0.817,2.7,5.7,8.4,3.9,0.8,0.8,1.9,3.1,15.2,14.7,2.4,Not selected
Forward,46,32:53,6.5,13.4,0.484,1.4,4.2,0.346,2.3,2.6,0.89,0.5,4.6,5.1,1.8,0.7,0.5,1.3,1.7,16.7,11.8,-1.4,Not selected
Center,1,14:05,0,1,0,0,0,,1,2,0.5,0,1,1,0,1,1,2,3,1,-1.3,-11,Not selected
Center,44,28:04,6.2,13.1,0.473,0.2,0.9,0.275,1.1,1.8,0.633,2.2,7.5,9.7,2.8,0.9,1,1.6,2.3,13.8,11.6,-1.6,Not selected
Guard,37,33:48,6.3,13.8,0.456,2.1,5.6,0.378,1.5,2.1,0.684,0.6,3.6,4.2,2.6,1.1,0.3,1.6,2.2,16.2,10.9,2.8,Not selected
Forward,41,26:08,3.4,8.2,0.412,1.7,4.7,0.361,1.3,1.7,0.794,0.9,2.8,3.7,0.8,1.2,0.4,0.6,2,9.8,7.4,2,Not selected
Guard,36,34:55,7.1,15,0.475,2.1,5.2,0.409,1.3,1.8,0.762,1.1,5.8,6.9,2.4,1.3,0.2,1.8,2.7,17.7,12.7,0.1,Not selected
Guard,39,31:39,2.3,6.2,0.375,0.6,2.3,0.25,2.7,3.1,0.875,1.1,2.8,3.9,8.1,1.8,0.1,2.2,2.5,7.9,10.2,-0.8,Not selected
Guard,40,27:25,3.3,7.6,0.437,2,5,0.412,0.6,0.7,0.889,0.1,2.8,2.9,2,0.7,0.4,1.1,1.4,9.2,6.8,-4,Not selected
Guard,37,26:22,2.6,6.3,0.422,1.9,4.6,0.409,0.3,0.4,0.786,0.3,2.7,3,1.9,0.9,0.7,1,1.8,7.5,6.2,5.6,Not selected
Forward,40,33:25,6.8,15.3,0.448,2,5.1,0.384,3.1,3.9,0.8,1.6,5.5,7.1,1.4,0.8,1.9,1.8,3.8,18.8,13,-1.6,Not selected
Forward,45,37:00,8.1,18,0.449,1.2,3.5,0.346,4.6,6.3,0.736,1.2,3.1,4.3,2.4,0.8,0.4,2.4,2.1,22,13.2,-0.2,Not selected
Forward,44,31:26,5,9.5,0.526,1,2.3,0.427,0.7,1.3,0.561,1.4,4.7,6.1,1.7,1.7,0.5,1.6,1.8,11.7,10.1,-0.1,Not selected
Forward,40,27:06,3.9,9.6,0.405,1.8,4.8,0.366,1.3,1.6,0.828,1,4.5,5.5,1.3,0.7,0.5,0.7,1.4,10.8,8.3,1.8,Not selected
Forward,40,23:50,5.9,13.2,0.446,0.4,1.3,0.275,1.6,2.2,0.724,2.4,5.9,8.3,1.8,0.5,0.2,1.2,2,13.7,9.9,1.8,Not selected
Center,44,21:16,4.4,8.6,0.517,0,0,0,2.2,3.1,0.728,2.1,4.8,6.9,2.2,1.2,0.4,1.7,1.7,11.1,10.2,2.1,Not selected
Center,44,27:03,4.7,8.9,0.531,0,0,,2.4,2.8,0.863,3.2,7,10.2,0.7,0.5,0.8,1.5,2.9,11.8,10.6,1.9,Not selected
Guard,38,34:33,7,15.1,0.463,1.6,3.9,0.405,3.9,4.9,0.787,0.8,3.2,4,6.3,0.9,0.2,3.2,2.7,19.5,14,-2.9,Not selected
Forward,45,27:24,3.1,7.9,0.395,1,3,0.321,0.8,1.2,0.685,1.2,4.4,5.6,1.5,1,0.3,0.8,1.1,8.1,6.9,-3.8,Not selected
Guard,44,28:05,5.4,12,0.452,2.7,6.1,0.437,2.2,2.5,0.865,0.2,1.9,2.1,1.3,0.7,0.1,1.3,1.6,15.7,9.8,6.6,Not selected
Guard,41,34:21,7.6,16.6,0.455,2.7,7.1,0.386,4,4.9,0.816,0.6,2.2,2.8,3.6,1,0.3,2,2.2,21.9,14.9,4.2,Not selected
Guard,44,32:15,5,11.3,0.447,0.9,2.8,0.328,4.5,5.3,0.847,0.5,3.6,4.1,8,1.5,0.5,2.9,2.2,15.5,14.4,-0.8,Not selected
Guard,23,31:29,6.3,13,0.483,2,4.7,0.417,3.5,4.3,0.8,0.5,3.1,3.6,4.1,1,0.3,1.6,2.5,18,13.8,7.8,Not selected
Center,45,34:49,5,8.6,0.584,0,0,0,1.3,2.1,0.634,3.1,8.3,11.4,1.6,0.5,0.9,1.7,3,11.3,11.1,2.8,Not selected
Guard,25,29:19,6.3,14.5,0.435,1.5,4,0.38,2.7,3.2,0.861,0.5,1.8,2.3,5.6,0.7,0.1,2.7,3,16.9,10.8,-3.5,Not selected
Forward,37,32:18,4.8,9.8,0.488,2.3,5.4,0.418,1.9,2.1,0.899,0.5,4.6,5.1,2.2,1,0.3,1.1,2.3,13.7,11.3,4.2,Not selected
Center,44,28:59,2.8,5,0.563,0,0.1,0,1.5,3,0.481,3.6,6,9.6,0.8,0.5,1.2,0.8,2.4,7.1,8.5,3.7,Not selected
Forward,19,18:03,2.5,6.9,0.366,0.7,3,0.246,0.8,1,0.842,0.2,1.7,1.9,1.4,0.7,0.1,0.5,1.3,6.6,4.1,-1,Not selected
Guard,47,34:39,8.8,18.3,0.48,2.6,6.1,0.421,3.4,3.8,0.894,0.8,2.7,3.5,3.7,1.1,0.7,2.2,2.8,23.5,16.2,-0.8,Not selected
Guard,45,33:08,7,15.7,0.446,1.5,4.6,0.317,5.3,6.2,0.85,0.9,4.1,5,6.2,1.4,0.4,3.1,2.7,20.8,16,-3.3,Not selected
Point-Forward,44,34:58,8.6,16.3,0.527,0.7,2.6,0.281,5.6,7.1,0.789,2.1,6.8,8.9,5.5,1.8,2,3,3.3,23.5,21.2,1.8,Not selected
Forward,40,34:08,4.9,11.4,0.429,1.9,4.8,0.393,5.1,5.7,0.89,0.5,4.4,4.9,2.2,0.7,0.2,1.4,1.6,16.8,12.6,0.6,Not selected
Guard,44,35:22,10,21.2,0.473,0.4,1.4,0.258,7.5,8.8,0.85,1,4.3,5.3,3.8,1.2,0.2,2.4,1.9,27.9,19.4,2.3,Not selected
Guard,41,34:19,9.2,19.9,0.462,3,8,0.38,7.7,8.5,0.908,0.7,2.1,2.8,6.2,0.8,0.1,2.5,2.1,29.1,21.5,1.7,Not selected
Forward,44,25:17,2.3,4.8,0.478,0.7,2.1,0.344,0.5,0.8,0.629,0.7,3.1,3.8,3.3,0.9,0.4,0.7,1.2,5.8,7,6.7,Not selected
Point-Forward,43,34:36,4.9,12.5,0.396,1.6,4.9,0.325,3.3,3.9,0.846,0.7,6.6,7.3,5.9,1.1,0.4,2.5,1.6,14.8,12.6,2.7,Not selected
Forward,46,30:17,6.2,12.6,0.489,1.5,3.9,0.393,1.4,1.7,0.818,1.8,5.2,7,1.1,0.6,1.6,1.2,2.5,15.2,11.8,-2.8,Not selected
Center,39,26:23,4.8,9.4,0.51,0.5,1.1,0.465,1.7,2.6,0.644,1.5,6.4,7.9,2.7,0.4,1.2,1.2,1.7,11.7,10.9,3.7,Not selected
Center,44,30:06,5,8.5,0.591,0,0,0,2.1,3,0.705,3,4.6,7.6,1.2,1.2,1.1,1.9,2.4,12.2,11.3,3.6,Not selected
Center,41,29:13,7.2,15.4,0.469,1.9,5.3,0.353,4.2,5,0.852,1.6,3.6,5.2,2.7,0.5,1.6,2.4,2.5,20.6,14.7,-3.3,Not selected
Center,42,33:20,7.1,13,0.548,0,0,,2.7,4.8,0.552,3.7,10.2,13.9,0.7,0.8,2,2,3.1,16.9,14.9,-2.4,Not selected
Center,41,29:23,5.3,8.4,0.634,0,0,,3.1,5.4,0.565,4.4,8.5,12.9,1.3,0.9,1.3,2.1,2.9,13.7,14,0.2,Not selected
Center,47,33:26,4.5,6.9,0.657,0,0,0,3.8,5.9,0.644,3.8,8.8,12.6,0.9,0.7,2.5,1.8,2.9,12.8,14.4,4.7,Not selected
Guard,42,30:34,7.1,16.6,0.428,0.9,2.7,0.319,4,5.1,0.793,1.1,3.1,4.2,3.7,1.6,0.7,2.2,1.9,19.1,13.4,-0.9,Not selected
Forward,20,24:55,5,12.4,0.401,1.4,4.2,0.337,2,2.4,0.851,0.6,5.2,5.8,1.5,0.4,0.7,0.8,2.1,13.3,8.7,-3.6,Not selected
Center,45,30:29,6.1,11.6,0.531,0,0.1,0.5,1.9,4.5,0.431,3.9,9.6,13.5,1.1,1.6,1.2,2.1,3,14.2,13.1,-3.2,Not selected
Forward,32,23:22,3.8,8.3,0.459,0.1,0.2,0.333,1.6,2.6,0.627,1.6,4.4,6,1,0.8,0.9,1.3,2.2,9.3,7,1.2,Not selected
Guard,35,32:31,6.1,14.2,0.432,2.3,5.6,0.401,4.1,4.7,0.861,0.6,3.2,3.8,6.2,1.3,0.4,2.3,1.8,18.6,15,1.2,Not selected
Center,45,36:09,8.7,17.3,0.503,1.1,3.4,0.316,4,4.8,0.817,3.4,8.5,11.9,3,0.6,1.5,2.8,3.1,22.4,18,-0.4,Not selected
Guard,42,35:37,8.6,19.3,0.444,2.5,7.3,0.34,6.5,7.3,0.899,0.6,4.1,4.7,5.8,0.7,0.3,2.7,2.2,26.2,18.9,-0.8,Not selected
Center,35,33:11,6.1,13.2,0.463,1.5,4.4,0.348,1.7,2.1,0.819,1.5,5.2,6.7,5.1,0.7,1.7,1.6,2.2,15.5,14.1,3,Not selected
Forward,41,32:18,7,13.9,0.502,0.4,0.8,0.484,3.3,4,0.823,2.2,4.9,7.1,2.3,0.6,1.1,1.3,2.3,17.6,14.1,5,Not selected
Point-Forward,27,33:29,7.7,16.3,0.475,0.2,0.8,0.227,5.2,7,0.741,2,6.9,8.9,4.7,1,0.4,2.6,2.6,20.9,16.3,9.1,Not selected
Guard,36,30:53,5.8,12.3,0.471,1.9,4.9,0.395,3.9,4.5,0.876,0.7,4.6,5.3,9.7,2.3,0.1,2.4,2.4,17.5,18.6,10.1,Not selected
Guard,40,29:56,7,15.5,0.455,0.2,0.8,0.226,3.8,5,0.778,1.2,2.8,4,4.6,0.9,0.4,2.6,1.4,18.1,12.6,-1.2,Selected
Guard,42,36:27,6.6,15.8,0.419,2.7,7.1,0.383,4.9,5.5,0.88,0.7,4.4,5.1,6.5,2.3,0.5,3,2.7,20.9,17,4.7,Selected
Point-Forward,39,35:39,9.5,18.9,0.502,1.2,3.9,0.299,4.9,6.9,0.716,1.2,6,7.2,6,1.4,0.7,3.4,1.8,25.1,19.5,7.6,Selected
Forward,42,35:32,7.5,18.2,0.412,2.9,7.6,0.378,5.9,6.9,0.851,0.9,6.5,7.4,4,2,0.3,3.9,2.8,23.7,16.2,3.9,Selected
Forward,40,34:53,7.8,17.9,0.436,1.4,4.2,0.335,4.7,5.8,0.822,1.6,6,7.6,4,0.9,0.5,2.5,2.5,21.7,15.4,1.3,Selected
Guard,41,33:50,9.9,19.5,0.509,4.8,10.7,0.449,5.2,5.8,0.907,0.7,4.6,5.3,6.5,2.1,0.1,3.4,2.1,29.9,24.4,15.6,Selected
Guard,44,33:44,8.4,18.5,0.453,1.2,4.1,0.291,6.1,7.5,0.818,1.7,5.5,7.2,9.8,2.5,0.2,4.2,2.4,24,21.1,10.3,Selected
Guard,36,29:19,5.6,16.3,0.345,1.7,6.8,0.25,3.3,4.2,0.784,0.7,3.4,4.1,3.5,0.9,0.2,2.2,2,16.3,8.8,-8.6,Selected
Forward,37,35:27,9.1,17.9,0.508,2.3,5.8,0.395,6,6.8,0.888,0.4,7.4,7.8,4.4,1,1.2,2.9,1.6,26.5,21.1,10.8,Selected
Forward,40,33:09,7.4,14.6,0.506,1.8,3.8,0.481,3.5,4,0.874,1.3,5.7,7,2.6,2,0.9,1.4,1.9,20.1,17.5,9.9,Selected
Guard,44,38:16,7.3,16.2,0.45,1.1,3.4,0.322,6.5,7.8,0.835,1.2,4.2,5.4,4.2,1.7,0.7,2.1,2,22.3,17.6,-0.2,Selected
Forward,46,33:36,6.8,14.3,0.476,1.6,4.3,0.372,4,5,0.796,0.9,6.7,7.6,2.5,0.7,0.7,1.4,1.8,19.2,15,0.9,Selected
Guard,43,35:39,7.3,17.1,0.429,1.4,4.1,0.343,3.5,4.5,0.781,0.7,3.5,4.2,9.8,2.1,0.7,4.4,2.1,19.6,15.9,0.1,Selected
Forward,46,32:42,6.5,13.2,0.493,0.8,2.6,0.306,4.5,5.8,0.778,2.6,6.3,8.9,3.5,1.9,1.4,2.3,3,18.3,16.7,1.2,Selected
Guard,45,36:29,7.8,17.6,0.442,0.6,1.9,0.321,6.8,8.1,0.844,0.8,3.8,4.6,4.1,1,0.3,2.3,2,23,16,2.2,Selected
Center,46,33:42,7.2,14,0.518,0,0.1,0.333,2.8,7.8,0.355,5.3,9.9,15.2,0.8,1.7,1.4,2.1,3.1,17.3,15,3.3,Selected
Guard,47,32:21,7,16.4,0.424,2,5.8,0.347,5.6,6.3,0.892,0.5,2.4,2.9,6.6,1.1,0.1,2.7,1.9,21.6,16,4.1,Selected
Center,42,31:40,6.6,14.1,0.468,0.2,0.6,0.346,3.2,4,0.792,2.4,8.5,10.9,3.1,0.5,2.1,2,2,16.6,14.7,1.5,Selected
Center,47,31:28,6.5,13,0.501,1,3,0.321,1.3,1.7,0.756,2.1,5,7.1,3,0.9,1.4,1.3,1.9,15.2,13.5,1.5,Selected
Guard,41,32:23,6.7,14.8,0.453,1.5,3.9,0.385,3.7,4.1,0.882,0.6,3.3,3.9,9.6,2.1,0.2,2.8,2.8,18.6,17.1,6.8,Selected
Forward,42,29:26,6.5,13.4,0.488,0,0.3,0,2.8,3.4,0.811,2.6,6.1,8.7,1.4,0.3,0.9,1.4,2.2,15.9,12.1,7.1,Selected
Guard,48,37:16,8.1,19,0.425,2.7,7.9,0.342,8.7,10,0.869,0.8,5.4,6.2,6.9,1.4,0.7,4.5,2.7,27.5,20.3,-1,Selected
Forward,39,35:17,8.7,17.6,0.492,0.5,1.7,0.288,5.1,6.7,0.766,2,8.1,10.1,1.8,1.3,2.4,2.2,2.4,22.9,18.4,-0.7,Selected
Center,37,33:58,9.2,20.5,0.45,1.2,3.5,0.341,7.6,10.4,0.734,2.4,8.8,11.2,2.8,1.3,1.3,3.6,3.9,27.3,18.9,2.8,Selected
Guard,44,32:42,7.5,16,0.466,3.2,7.5,0.427,2.8,3.3,0.84,0.4,3.5,3.9,2.3,0.5,0.8,1.8,2,20.9,13.8,12.5,Selected
Point-Forward,45,34:10,5.1,10.8,0.475,1.4,3.5,0.414,2.8,4.1,0.683,1.8,7.6,9.4,7.2,1.4,1.3,2.8,2.9,14.5,15.3,14.9,Selected
Forward,45,34:12,6,11.7,0.511,0.3,1.3,0.228,3.5,4.5,0.772,1.5,5.7,7.2,2.8,1,1.2,2.5,3.5,15.8,12.1,-2.2,Not selected
Forward,44,33:00,4.4,11.2,0.389,2.4,6.8,0.355,1.6,1.9,0.854,0.4,2.6,3,1.8,1.1,0.3,1.1,2.2,12.8,8.2,2,Not selected
Forward,14,13:27,2.2,4.4,0.5,0.5,1.2,0.412,0.6,1,0.643,0.5,1.6,2.1,1,0.4,0.1,1.8,1.8,5.6,2.8,0.1,Not selected
Center,41,29:14,4.5,8.5,0.527,0,0,,1.8,3.2,0.573,2.2,6,8.2,1.4,1.6,1.6,2.4,2.5,10.8,9.7,-8,Not selected
Forward,36,15:26,2.3,6.3,0.363,0.6,2.2,0.269,0.8,1.4,0.577,1.1,2.9,4,1.5,0.6,1.1,1.4,2.1,6,4.1,-3.2,Not selected
Center,47,25:08,2.5,5.6,0.445,0,0,0,1.9,2.2,0.845,1.7,3.8,5.5,1.5,0.4,1.6,1.2,3.2,6.8,6.2,-7.8,Not selected
Guard,46,30:56,7.2,16.3,0.44,1.5,4.1,0.362,3.5,4.2,0.843,0.8,2.8,3.6,6.5,0.8,0.1,2.8,2.2,19.3,13.7,2.8,Not selected
Guard,42,27:47,5.5,11.3,0.484,2.7,5.6,0.485,2.7,3.1,0.876,0.1,1.5,1.6,1.5,0.5,0,1,1.7,16.4,10.9,7,Not selected
Guard,45,29:20,4.4,10.9,0.405,1.6,4.8,0.332,5.1,6.2,0.834,0.4,2.3,2.7,2.6,1,0.3,1.6,1.8,15.5,11,-7.8,Not selected
Forward,46,35:03,7.4,16.5,0.45,0.6,2.4,0.243,5.4,7.3,0.74,1.5,2.2,3.7,1.9,0.8,0.5,2.2,2.1,20.8,12.6,-2.5,Not selected
Forward,44,25:27,3.3,6.4,0.514,0,0,0,1.2,1.8,0.675,2.9,4.2,7.1,1.3,0.5,1,1.1,2.3,7.7,7.7,-1.3,Not selected
Forward,44,23:55,3.4,5.9,0.581,0.2,0.8,0.265,0.9,1.6,0.557,2.2,4.2,6.4,1.8,0.7,1.2,1.2,2.8,8,8.2,2.5,Not selected
Guard,41,30:14,2.7,7.9,0.347,0.7,2.3,0.29,3.3,4,0.829,0.7,3.7,4.4,8.6,2.2,0.1,2.4,2.5,9.4,11.3,0.5,Not selected
Forward,39,26:14,5.2,9.6,0.535,0,0,0,2,3.5,0.565,3.7,5.3,9,1.2,0.5,1.1,1.4,2.6,12.3,10.8,-3.4,Not selected
Center,47,25:02,3.8,7.3,0.517,0,0,,1.3,1.6,0.811,2.6,3.4,6,1.5,0.2,1.4,1.6,2.5,8.9,7.5,-1,Not selected
Guard,40,32:23,5,11.9,0.419,1.4,4.2,0.347,2.6,2.9,0.896,0.3,2.8,3.1,5.4,1,0.2,2.4,2.3,14,10.2,-0.8,Not selected
Forward,46,34:18,4.3,11,0.394,1.5,4,0.368,1.4,1.7,0.829,0.7,3.2,3.9,3.8,0.7,0,1.9,1.8,11.5,7.6,-3.7,Not selected
Forward,23,31:56,4.3,11.1,0.388,1.8,4.8,0.378,1.2,2.1,0.583,1.2,3.6,4.8,1,1.7,0.2,1.2,2.5,11.7,7.6,0.3,Not selected
Guard,38,35:09,4.6,10.5,0.442,1.9,4.4,0.434,1.6,2.1,0.741,0.8,3.1,3.9,3.1,1.4,0.2,1.5,2.1,12.7,9.9,1.2,Not selected
Guard,42,36:15,7.4,17.3,0.424,2.1,6.2,0.333,2.9,3.4,0.847,0.6,3.1,3.7,5.1,1.3,0.3,3.5,2.4,19.7,12.4,-3.7,Not selected
Forward,44,33:04,5.1,11.1,0.463,1,3.1,0.311,2.5,3.2,0.78,1.4,5.6,7,2.2,1,0.6,1.6,1.9,13.7,11,-0.6,Not selected
Center,28,26:46,4.9,8.8,0.555,0,0,,2.7,3.6,0.745,3.1,6.2,9.3,0.9,0.4,1.2,1.7,2.5,12.4,11.1,4.8,Not selected
Center,39,20:46,2.6,4.1,0.634,0,0,,0.3,0.7,0.414,1.7,5.4,7.1,1.9,0.3,1.6,1.2,3,5.5,6.8,6.4,Not selected
Forward,46,32:18,6.8,13.4,0.511,0.1,0.5,0.217,1.3,2.3,0.585,2.7,6.3,9,1.5,1.5,0.4,1.8,2.5,15.2,11.9,-4.8,Not selected
Center,34,16:00,2.3,4.4,0.517,0,0.1,0,1,1.2,0.81,1.2,2,3.2,0.8,0.5,0.4,0.7,2,5.5,4.6,2.9,Not selected
Forward,40,34:23,5.4,13.2,0.407,1.6,4.6,0.357,6.9,7.8,0.876,1.2,4.6,5.8,2.5,0.6,0.4,1.4,1.7,19.2,14.6,-3,Not selected
Forward,42,31:26,6,13.7,0.433,2.1,5.4,0.394,2.9,3.3,0.879,2,4,6,1,0.6,0.4,1.6,1.6,17,11.5,0.5,Not selected
Forward,43,17:29,1.9,5.6,0.344,1.1,3.5,0.316,0.7,0.9,0.795,0.2,2.6,2.8,1,0.5,0.2,0.7,1.8,5.7,3.3,0,Not selected
Forward,44,27:23,3,5.4,0.564,0,0,,1.7,3,0.585,3.3,6,9.3,0.7,0.3,0.4,0.7,2.5,7.8,8.2,4.4,Not selected
Center,41,28:52,5.1,8.4,0.613,0,0,,2,3.7,0.542,3.1,8.1,11.2,0.3,0.6,3.9,2.1,2.4,12.3,12.9,-0.4,Not selected
Center,41,17:49,2.6,5,0.522,0,0.2,0.143,1,1.3,0.764,1.4,2.8,4.2,0.4,0.3,0.8,1,2.1,6.3,4.9,0,Not selected
Center,41,31:24,7.8,15.4,0.505,0,0.1,0.167,1.1,1.5,0.746,2.9,5.9,8.8,2.7,0.8,1.1,1.8,2.5,16.7,13.4,-1.1,Not selected
Forward,40,27:17,4.6,9.4,0.485,1.4,3.4,0.399,1.2,2,0.61,0.4,3.8,4.2,2.4,0.6,0.4,1.4,1.7,11.7,8.5,-0.4,Not selected
Forward,47,34:19,4.3,10.4,0.414,2.3,6,0.379,1.3,1.8,0.721,0.7,3.9,4.6,1.9,1.8,0.3,1.4,2.2,12.2,9.1,-1,Not selected
Forward,30,22:55,4.1,10.7,0.385,0.6,2,0.305,1.4,2,0.712,1,3.9,4.9,1.9,0.7,0.3,2.2,2.7,10.3,5.1,-3.8,Not selected
Center,37,31:43,5.6,10.7,0.528,0,0,,2.1,2.8,0.757,2.8,7.1,9.9,1.6,0.7,1.3,1.9,2.5,13.4,11.8,-1.5,Not selected
Guard,22,32:55,6.9,15.4,0.447,2.1,5.2,0.4,2.7,3.5,0.766,1,3.3,4.3,3,1,0.3,2.6,2.4,18.5,11.6,-3.2,Not selected
Guard,38,32:02,6.3,15.5,0.406,0.6,2.3,0.264,2.1,2.7,0.792,0.5,2.6,3.1,4.5,0.6,0.3,2.6,1.5,15.3,8.6,-1.8,Not selected
Guard,38,25:18,5.2,11.6,0.448,1.2,3.2,0.38,2.3,2.9,0.786,0.3,2.4,2.7,5.2,1.1,0.3,2.2,2.3,13.9,10.5,1,Not selected
Guard,25,30:36,5.4,12.6,0.433,1.3,3.4,0.388,3,3.7,0.796,0.8,4.4,5.2,6.6,1.3,0.3,2.9,2.6,15.2,12.2,-0.6,Not selected
Guard,45,33:21,5.5,12.7,0.435,0.8,3,0.279,1.8,2.4,0.743,0.4,2.4,2.8,5,1.7,0.5,2.7,2.1,13.7,9.8,2,Not selected
Forward,39,31:13,3.6,8.6,0.421,1.2,3.4,0.351,1.5,1.9,0.795,0.9,3.7,4.6,1.6,0.9,0.4,0.9,1.5,9.9,7.7,-2.5,Not selected
Point-Forward,38,34:42,5.1,12.3,0.412,2,5.8,0.347,2.7,3.3,0.839,0.9,5.4,6.3,5.3,0.9,0.5,3.1,1.8,14.9,11.6,1,Not selected
Guard,42,26:47,5.2,10,0.524,0.4,0.8,0.429,1.8,2.3,0.763,0.3,2.3,2.6,5.1,0.9,0.2,1.6,1.6,12.6,10.7,6.7,Not selected
Forward,40,34:09,7.1,15.2,0.469,1,3.1,0.328,2.8,3.5,0.78,1.6,5.3,6.9,1.7,1.2,0.7,1.8,2.6,18,12.7,-1.5,Not selected
Guard,41,24:25,2.3,6,0.392,0.6,1.9,0.325,1.3,1.8,0.703,0.5,1.4,1.9,3.9,0.9,0.1,1.7,1.4,6.6,5.3,-2.7,Not selected
Guard,46,25:05,2.6,7,0.369,1.5,4.3,0.352,0.4,0.5,0.8,0.6,3.1,3.7,1.8,0.8,0.7,1.1,1.4,7.1,5.5,5.5,Not selected
Forward,41,28:45,5.8,12,0.482,0,0.1,0.167,2.3,3,0.752,3,5.1,8.1,1.5,0.6,0.2,1.4,2,13.9,10.7,-0.8,Not selected
Center,45,30:20,6.6,12.8,0.516,0,0,,3,4,0.754,3,6.8,9.8,2.3,1,0.9,1.7,2.2,16.2,14.3,-0.2,Not selected
Center,19,25:10,5.6,11.7,0.482,0,0,,1.3,2.2,0.571,1.2,4.9,6.1,1.6,0.7,1.1,0.7,2.4,12.5,9.4,-0.5,Not selected
Guard,45,30:26,3.4,7.9,0.429,1.9,5.1,0.38,0.7,0.8,0.868,0.2,3.4,3.6,2.2,0.8,0.5,1.4,2,9.5,6.8,3.3,Not selected
Guard,47,35:58,6.2,14,0.444,2,4.8,0.424,3.4,3.9,0.885,0.4,3.2,3.6,4,1.1,0.2,1.9,2.6,17.9,12.8,-0.9,Not selected
Forward,46,27:22,2.9,5.8,0.493,0.9,2.5,0.381,0.8,1.2,0.667,0.9,3.4,4.3,3.5,1.2,0.3,1.2,1.6,7.5,8.1,8.1,Not selected
Center,29,21:54,1.8,4.6,0.383,0,0,0,0.8,1.6,0.489,3,5.8,8.8,3.8,0.6,1,1.8,2.7,4.3,6.4,-1.1,Not selected
Guard,37,32:29,5,10.7,0.466,0.9,2.8,0.327,1.4,1.9,0.722,0.7,2.6,3.3,5,1,0.2,2.5,2.4,12.3,9.1,1.8,Not selected
Guard,44,28:25,5,11.9,0.419,1.1,2.8,0.387,3.3,3.9,0.843,0.5,2.1,2.6,5.5,1.3,0.3,2.8,2.1,14.3,10.5,-1.1,Not selected
Center,25,32:41,3.5,6,0.58,0,0,,2.4,4,0.61,3.2,7.3,10.5,1.6,0.8,2.6,1.9,3.1,9.4,11,3.7,Not selected
Center,46,33:20,7.8,15.7,0.494,0,0.1,0,4,5.1,0.788,2.9,5.5,8.4,1.6,0.7,1.9,2.3,3,19.6,14.6,-3.3,Not selected
Forward,28,31:43,6.8,12.8,0.529,0,0,0,3,4.3,0.694,3.1,5.2,8.3,1.5,1.4,1.1,1.4,2.4,16.6,14.3,-0.3,Not selected
Center,38,23:15,1.9,4,0.484,0,0,0,1.7,2.6,0.646,2.6,5.6,8.2,1,0.5,0.6,1.3,2,5.6,6.2,-6.5,Not selected
Guard,31,34:09,7.2,15.9,0.453,1.5,4.2,0.372,4.5,5.5,0.802,0.6,3.5,4.1,6.1,2,0.6,3.5,2.4,20.4,15.4,-1.6,Not selected
Center,44,33:23,4.3,6.1,0.712,0,0,,3.3,7.8,0.42,3.6,10,13.6,1,0.5,2.2,1.1,2.8,11.9,13.6,4.6,Not selected
Forward,43,30:44,6.4,14.2,0.448,1.8,4.4,0.398,3.1,3.4,0.905,0.7,5.9,6.6,1.8,0.6,0.6,1.1,1.8,17.6,12.8,4,Not selected
Guard,40,31:42,5.1,12.6,0.403,1.4,4,0.358,3.3,3.9,0.847,0.5,2.5,3,5.9,1.3,0.3,1.4,1.8,15,12.5,-0.6,Not selected
Forward,48,32:41,5.5,11.2,0.492,0.8,2,0.385,1.2,1.5,0.77,1.9,5,6.9,0.9,0.4,2.1,1.6,2.6,13,9.9,7.9,Not selected
Guard,40,36:04,8.4,19.8,0.421,3,8,0.376,4.6,5.3,0.872,0.7,3.7,4.4,7.1,0.9,0.3,3.4,2.4,24.3,16.9,0.5,Not selected
Guard,18,26:50,5.9,14.6,0.408,1.1,4.1,0.27,2.4,2.8,0.88,1.1,2.1,3.2,3.8,0.9,0.2,2.1,1.2,15.4,10.1,5,Not selected
Center,38,32:17,5.3,8.6,0.612,0,0.1,0,3.9,6.9,0.561,3.6,8.4,12,1.5,1,1.6,2.4,3.1,14.4,13.8,0.8,Not selected
Forward,44,32:20,5.3,12.7,0.418,2,5.6,0.358,3,3.8,0.787,2.3,8.4,10.7,2.4,1,0.5,2,2.1,15.7,12.9,6,Not selected
Center,37,25:56,3.6,7.2,0.508,0,0.1,0,1.6,2.1,0.744,1.7,5.8,7.5,3,0.9,1.3,1.7,2.4,8.9,9.3,9.2,Not selected
Center,46,35:09,6.3,13.9,0.453,0,0.1,0.667,4.1,4.9,0.835,1.2,5.9,7.1,3.8,0.9,1.3,2.3,2.8,16.7,12.9,-0.7,Not selected
Point-Forward,30,34:55,9.4,18.4,0.508,0.2,0.6,0.353,4.3,5.9,0.725,1.6,7,8.6,5,0.7,0.6,2.4,2.8,23.2,17.8,3.5,Not selected